date,00:00:00,01:00:00,02:00:00,03:00:00,04:00:00,05:00:00,06:00:00,07:00:00,08:00:00,09:00:00,10:00:00,11:00:00,12:00:00,13:00:00,14:00:00,15:00:00,16:00:00,17:00:00,18:00:00,19:00:00,20:00:00,21:00:00,22:00:00,23:00:00
2011-01-01,16.0,40.0,32.0,13.0,1.0,1.0,2.0,3.0,8.0,14.0,36.0,56.0,84.0,94.0,106.0,110.0,93.0,67.0,35.0,37.0,36.0,34.0,28.0,39.0
2011-01-08,25.0,16.0,16.0,7.0,1.0,5.0,2.0,9.0,15.0,20.0,61.0,62.0,98.0,102.0,95.0,74.0,76.0,69.0,55.0,30.0,28.0,37.0,34.0,22.0
2011-01-09,25.0,12.0,11.0,4.0,1.0,1.0,1.0,6.0,10.0,19.0,49.0,49.0,83.0,75.0,72.0,82.0,92.0,62.0,48.0,41.0,38.0,20.0,15.0,6.0
2011-01-10,5.0,1.0,3.0,1.0,3.0,3.0,31.0,77.0,188.0,94.0,31.0,30.0,52.0,54.0,47.0,45.0,74.0,178.0,155.0,95.0,74.0,38.0,24.0,18.0
2011-01-13,7.0,2.0,2.0,3.0,4.0,3.0,28.0,72.0,202.0,139.0,38.0,37.0,52.0,83.0,42.0,60.0,78.0,162.0,144.0,99.0,64.0,40.0,30.0,15.0
2011-01-15,28.0,20.0,12.0,8.0,5.0,1.0,3.0,10.0,23.0,33.0,59.0,72.0,89.0,101.0,118.0,129.0,128.0,83.0,84.0,74.0,41.0,57.0,26.0,44.0
2011-01-16,39.0,23.0,16.0,15.0,1.0,2.0,1.0,3.0,18.0,32.0,79.0,93.0,104.0,118.0,91.0,113.0,99.0,105.0,67.0,61.0,57.0,28.0,21.0,18.0
2011-01-17,17.0,16.0,8.0,2.0,3.0,1.0,5.0,13.0,33.0,47.0,57.0,64.0,80.0,93.0,86.0,93.0,82.0,71.0,92.0,60.0,33.0,27.0,13.0,4.0
2011-02-02,2.0,3.0,4.0,1.0,1.0,3.0,18.0,49.0,155.0,123.0,61.0,52.0,64.0,75.0,63.0,76.0,103.0,190.0,182.0,91.0,75.0,63.0,40.0,32.0
2011-02-05,39.0,18.0,17.0,11.0,8.0,9.0,4.0,4.0,10.0,20.0,34.0,47.0,52.0,72.0,55.0,60.0,71.0,78.0,83.0,84.0,69.0,56.0,45.0,59.0
2011-02-06,39.0,44.0,20.0,13.0,2.0,1.0,1.0,8.0,23.0,45.0,89.0,117.0,174.0,182.0,161.0,182.0,157.0,121.0,78.0,21.0,26.0,27.0,62.0,30.0
2011-02-07,15.0,5.0,3.0,1.0,2.0,10.0,30.0,95.0,230.0,118.0,55.0,47.0,66.0,64.0,60.0,50.0,114.0,216.0,175.0,128.0,88.0,78.0,37.0,25.0
2011-02-08,10.0,4.0,2.0,1.0,3.0,2.0,39.0,100.0,243.0,135.0,48.0,50.0,65.0,50.0,64.0,51.0,83.0,176.0,152.0,101.0,56.0,54.0,29.0,12.0
2011-02-12,30.0,24.0,15.0,10.0,4.0,1.0,2.0,11.0,30.0,43.0,84.0,114.0,120.0,135.0,120.0,174.0,145.0,137.0,64.0,41.0,40.0,51.0,45.0,32.0
2011-02-14,11.0,7.0,2.0,2.0,2.0,3.0,26.0,98.0,256.0,130.0,55.0,53.0,126.0,120.0,90.0,90.0,118.0,243.0,205.0,98.0,70.0,43.0,45.0,20.0
2011-02-17,17.0,6.0,6.0,4.0,4.0,12.0,47.0,126.0,285.0,179.0,88.0,90.0,101.0,123.0,81.0,106.0,146.0,274.0,222.0,175.0,139.0,124.0,76.0,44.0
2011-02-18,32.0,8.0,7.0,8.0,1.0,7.0,50.0,116.0,272.0,169.0,95.0,113.0,185.0,176.0,191.0,172.0,232.0,327.0,224.0,162.0,124.0,72.0,107.0,77.0
2011-02-19,29.0,31.0,17.0,7.0,3.0,3.0,6.0,22.0,45.0,55.0,106.0,123.0,119.0,155.0,196.0,171.0,120.0,127.0,88.0,59.0,47.0,33.0,44.0,29.0
2011-03-01,7.0,3.0,4.0,2.0,1.0,2.0,46.0,107.0,214.0,124.0,68.0,56.0,86.0,78.0,79.0,64.0,102.0,242.0,224.0,119.0,88.0,63.0,47.0,25.0
2011-03-02,8.0,4.0,2.0,4.0,1.0,5.0,40.0,110.0,256.0,148.0,76.0,73.0,82.0,125.0,96.0,110.0,139.0,268.0,201.0,150.0,95.0,71.0,48.0,22.0
2011-03-03,13.0,1.0,3.0,1.0,1.0,8.0,35.0,111.0,220.0,145.0,56.0,50.0,72.0,80.0,78.0,68.0,71.0,202.0,167.0,106.0,70.0,51.0,53.0,23.0
2011-03-04,12.0,4.0,2.0,1.0,1.0,7.0,29.0,83.0,228.0,150.0,66.0,89.0,97.0,87.0,95.0,106.0,118.0,228.0,187.0,107.0,87.0,70.0,44.0,46.0
2011-03-05,19.0,25.0,20.0,2.0,1.0,3.0,4.0,15.0,45.0,63.0,103.0,159.0,167.0,190.0,198.0,205.0,204.0,164.0,152.0,89.0,70.0,72.0,63.0,44.0
2011-03-08,10.0,4.0,1.0,7.0,2.0,10.0,45.0,128.0,257.0,151.0,71.0,78.0,99.0,98.0,72.0,112.0,108.0,248.0,235.0,150.0,76.0,75.0,55.0,41.0
2011-03-09,9.0,4.0,2.0,3.0,2.0,8.0,49.0,141.0,249.0,141.0,57.0,59.0,98.0,99.0,71.0,79.0,112.0,194.0,188.0,134.0,91.0,62.0,21.0,18.0
2011-03-12,34.0,18.0,14.0,7.0,1.0,2.0,4.0,23.0,53.0,101.0,99.0,119.0,158.0,157.0,166.0,182.0,244.0,213.0,145.0,112.0,86.0,82.0,63.0,49.0
2011-03-17,23.0,12.0,8.0,2.0,3.0,13.0,51.0,140.0,299.0,185.0,78.0,86.0,105.0,111.0,119.0,125.0,142.0,313.0,310.0,207.0,137.0,138.0,87.0,50.0
2011-03-19,76.0,51.0,25.0,8.0,3.0,2.0,10.0,13.0,48.0,76.0,140.0,196.0,267.0,301.0,312.0,313.0,304.0,278.0,217.0,154.0,108.0,93.0,72.0,50.0
2011-04-01,6.0,4.0,7.0,4.0,3.0,12.0,28.0,95.0,206.0,173.0,75.0,89.0,95.0,110.0,87.0,111.0,167.0,281.0,241.0,136.0,77.0,93.0,74.0,53.0
2011-04-02,32.0,32.0,21.0,9.0,5.0,5.0,12.0,18.0,55.0,87.0,154.0,198.0,184.0,137.0,190.0,136.0,196.0,184.0,179.0,148.0,85.0,77.0,55.0,53.0
2011-04-03,39.0,34.0,24.0,11.0,3.0,5.0,33.0,33.0,62.0,142.0,215.0,243.0,313.0,367.0,349.0,292.0,303.0,274.0,172.0,144.0,79.0,45.0,36.0,31.0
2011-04-04,6.0,11.0,2.0,1.0,2.0,7.0,46.0,157.0,339.0,158.0,90.0,124.0,157.0,139.0,123.0,143.0,189.0,366.0,386.0,278.0,173.0,95.0,75.0,48.0
2011-04-05,22.0,15.0,5.0,4.0,2.0,5.0,38.0,134.0,157.0,46.0,28.0,19.0,38.0,56.0,76.0,68.0,130.0,273.0,267.0,160.0,91.0,89.0,46.0,26.0
2011-04-06,15.0,2.0,5.0,4.0,1.0,13.0,56.0,133.0,325.0,165.0,69.0,93.0,134.0,112.0,115.0,117.0,169.0,356.0,325.0,232.0,141.0,102.0,84.0,40.0
2011-04-07,20.0,13.0,7.0,3.0,1.0,6.0,64.0,160.0,314.0,170.0,95.0,122.0,153.0,135.0,157.0,160.0,213.0,343.0,333.0,226.0,203.0,108.0,81.0,54.0
2011-04-08,25.0,9.0,13.0,1.0,1.0,9.0,35.0,113.0,221.0,185.0,73.0,98.0,80.0,42.0,15.0,25.0,60.0,148.0,62.0,53.0,63.0,54.0,51.0,35.0
2011-04-09,31.0,20.0,17.0,14.0,3.0,5.0,13.0,21.0,54.0,98.0,133.0,142.0,202.0,222.0,212.0,201.0,191.0,257.0,177.0,130.0,93.0,75.0,87.0,57.0
2011-04-10,53.0,37.0,36.0,16.0,5.0,4.0,4.0,10.0,55.0,81.0,150.0,202.0,230.0,263.0,281.0,297.0,288.0,236.0,240.0,131.0,92.0,95.0,57.0,32.0
2011-04-12,24.0,13.0,14.0,1.0,6.0,16.0,58.0,189.0,226.0,54.0,40.0,49.0,92.0,106.0,44.0,78.0,99.0,291.0,224.0,130.0,103.0,84.0,54.0,39.0
2011-04-13,15.0,1.0,2.0,2.0,3.0,5.0,34.0,70.0,164.0,65.0,46.0,61.0,95.0,61.0,106.0,81.0,142.0,309.0,321.0,175.0,126.0,117.0,99.0,62.0
2011-04-14,21.0,10.0,3.0,2.0,9.0,14.0,70.0,193.0,337.0,170.0,89.0,115.0,145.0,159.0,137.0,142.0,202.0,388.0,337.0,259.0,169.0,145.0,104.0,47.0
2011-04-15,27.0,15.0,18.0,3.0,3.0,13.0,47.0,149.0,300.0,178.0,122.0,136.0,200.0,180.0,163.0,162.0,243.0,331.0,263.0,209.0,118.0,102.0,80.0,64.0
2011-04-16,43.0,33.0,24.0,14.0,5.0,4.0,10.0,21.0,45.0,29.0,22.0,31.0,32.0,58.0,63.0,78.0,33.0,15.0,38.0,71.0,53.0,14.0,24.0,35.0
2011-04-17,33.0,31.0,29.0,25.0,7.0,3.0,8.0,16.0,43.0,102.0,211.0,304.0,354.0,343.0,361.0,388.0,343.0,306.0,277.0,210.0,141.0,83.0,70.0,56.0
2011-04-18,39.0,19.0,16.0,7.0,6.0,16.0,54.0,168.0,297.0,169.0,109.0,123.0,184.0,169.0,144.0,176.0,205.0,428.0,362.0,286.0,165.0,151.0,90.0,46.0
2011-04-19,25.0,7.0,13.0,3.0,5.0,18.0,65.0,188.0,351.0,162.0,75.0,72.0,103.0,129.0,107.0,127.0,192.0,411.0,421.0,276.0,168.0,122.0,112.0,52.0
2011-05-01,96.0,59.0,50.0,23.0,17.0,10.0,13.0,33.0,59.0,141.0,264.0,250.0,281.0,332.0,238.0,266.0,214.0,196.0,159.0,178.0,121.0,105.0,100.0,146.0
2011-05-02,177.0,114.0,35.0,16.0,17.0,20.0,62.0,209.0,371.0,172.0,108.0,130.0,187.0,170.0,181.0,155.0,269.0,537.0,518.0,314.0,218.0,232.0,125.0,64.0
2011-05-03,16.0,14.0,5.0,2.0,4.0,14.0,109.0,265.0,459.0,186.0,127.0,140.0,217.0,194.0,158.0,154.0,271.0,517.0,544.0,365.0,290.0,225.0,113.0,62.0
2011-05-04,27.0,7.0,4.0,1.0,3.0,9.0,21.0,52.0,79.0,40.0,31.0,72.0,124.0,143.0,107.0,129.0,195.0,410.0,396.0,296.0,191.0,150.0,89.0,57.0
2011-05-05,27.0,10.0,5.0,4.0,7.0,30.0,89.0,271.0,440.0,184.0,128.0,148.0,196.0,192.0,154.0,147.0,269.0,533.0,520.0,361.0,258.0,180.0,165.0,115.0
2011-05-06,56.0,32.0,16.0,9.0,1.0,16.0,82.0,222.0,450.0,188.0,127.0,165.0,246.0,253.0,213.0,260.0,344.0,553.0,470.0,292.0,190.0,152.0,151.0,120.0
2011-05-07,86.0,58.0,52.0,18.0,5.0,7.0,13.0,40.0,115.0,218.0,298.0,347.0,373.0,436.0,378.0,378.0,342.0,354.0,289.0,267.0,219.0,182.0,120.0,119.0
2011-05-08,100.0,64.0,59.0,31.0,10.0,5.0,6.0,23.0,86.0,160.0,244.0,340.0,382.0,390.0,366.0,358.0,385.0,351.0,268.0,239.0,174.0,127.0,115.0,50.0
2011-05-09,53.0,33.0,8.0,7.0,4.0,23.0,89.0,237.0,374.0,178.0,119.0,125.0,195.0,174.0,162.0,199.0,304.0,598.0,524.0,384.0,239.0,156.0,116.0,61.0
2011-05-10,18.0,15.0,5.0,4.0,2.0,29.0,112.0,314.0,425.0,205.0,127.0,125.0,217.0,202.0,176.0,180.0,327.0,611.0,550.0,434.0,291.0,203.0,150.0,81.0
2011-05-11,38.0,20.0,10.0,3.0,2.0,20.0,99.0,318.0,442.0,203.0,154.0,141.0,226.0,193.0,177.0,179.0,289.0,259.0,274.0,401.0,273.0,234.0,146.0,81.0
2011-05-12,44.0,17.0,15.0,5.0,6.0,29.0,112.0,297.0,421.0,212.0,147.0,179.0,207.0,218.0,191.0,217.0,288.0,594.0,527.0,364.0,276.0,223.0,172.0,103.0
2011-05-13,52.0,20.0,11.0,4.0,5.0,25.0,82.0,157.0,387.0,233.0,130.0,146.0,223.0,226.0,190.0,198.0,300.0,491.0,398.0,270.0,152.0,154.0,132.0,119.0
2011-05-14,102.0,82.0,52.0,35.0,5.0,14.0,11.0,32.0,88.0,100.0,167.0,279.0,279.0,248.0,216.0,294.0,295.0,272.0,304.0,248.0,157.0,59.0,26.0,44.0
2011-05-15,39.0,47.0,50.0,32.0,13.0,14.0,17.0,42.0,70.0,134.0,226.0,322.0,367.0,456.0,437.0,459.0,440.0,392.0,237.0,231.0,191.0,151.0,117.0,69.0
2011-05-16,38.0,14.0,13.0,4.0,6.0,21.0,104.0,272.0,394.0,194.0,112.0,185.0,209.0,214.0,193.0,165.0,226.0,274.0,453.0,308.0,198.0,177.0,127.0,57.0
2011-05-17,31.0,13.0,8.0,4.0,4.0,22.0,49.0,151.0,347.0,207.0,104.0,130.0,153.0,172.0,184.0,210.0,290.0,604.0,480.0,349.0,283.0,174.0,98.0,56.0
2011-05-18,23.0,12.0,6.0,9.0,3.0,9.0,101.0,274.0,453.0,202.0,106.0,23.0,54.0,122.0,138.0,167.0,294.0,565.0,489.0,331.0,213.0,85.0,117.0,59.0
2011-05-19,29.0,6.0,15.0,4.0,5.0,26.0,103.0,257.0,487.0,216.0,130.0,164.0,168.0,183.0,180.0,188.0,302.0,547.0,513.0,410.0,282.0,209.0,79.0,72.0
2011-06-01,34.0,17.0,3.0,6.0,4.0,21.0,128.0,284.0,454.0,207.0,115.0,112.0,169.0,154.0,145.0,152.0,266.0,486.0,309.0,264.0,256.0,190.0,129.0,69.0
2011-06-02,42.0,15.0,6.0,4.0,3.0,31.0,113.0,304.0,467.0,225.0,139.0,165.0,232.0,203.0,185.0,188.0,318.0,572.0,525.0,379.0,337.0,248.0,155.0,112.0
2011-06-03,68.0,22.0,12.0,5.0,6.0,28.0,106.0,277.0,502.0,230.0,161.0,192.0,259.0,248.0,240.0,212.0,349.0,558.0,564.0,391.0,293.0,247.0,171.0,171.0
2011-06-04,93.0,94.0,59.0,18.0,15.0,8.0,28.0,87.0,125.0,224.0,317.0,369.0,420.0,456.0,451.0,404.0,440.0,344.0,341.0,285.0,239.0,185.0,190.0,150.0
2011-06-05,113.0,96.0,64.0,47.0,12.0,6.0,21.0,27.0,98.0,164.0,251.0,335.0,335.0,367.0,385.0,417.0,398.0,390.0,363.0,357.0,279.0,165.0,130.0,86.0
2011-06-06,29.0,14.0,8.0,5.0,8.0,31.0,112.0,299.0,438.0,188.0,95.0,111.0,153.0,180.0,145.0,165.0,267.0,579.0,556.0,407.0,336.0,189.0,173.0,60.0
2011-06-07,20.0,4.0,5.0,2.0,5.0,32.0,126.0,334.0,477.0,217.0,123.0,151.0,183.0,196.0,146.0,183.0,308.0,539.0,551.0,424.0,346.0,218.0,153.0,90.0
2011-06-08,41.0,23.0,7.0,3.0,6.0,21.0,116.0,353.0,481.0,202.0,90.0,134.0,149.0,136.0,155.0,128.0,233.0,506.0,459.0,384.0,280.0,202.0,176.0,116.0
2011-06-09,47.0,16.0,6.0,2.0,6.0,20.0,118.0,314.0,432.0,168.0,94.0,118.0,140.0,136.0,118.0,104.0,200.0,409.0,466.0,326.0,254.0,171.0,153.0,97.0
2011-06-10,69.0,23.0,13.0,6.0,4.0,28.0,104.0,267.0,452.0,213.0,111.0,153.0,207.0,189.0,165.0,212.0,285.0,517.0,463.0,306.0,250.0,218.0,185.0,146.0
2011-06-11,117.0,77.0,60.0,28.0,13.0,16.0,40.0,68.0,143.0,230.0,264.0,325.0,347.0,387.0,380.0,374.0,394.0,337.0,286.0,264.0,275.0,220.0,190.0,131.0
2011-06-12,119.0,93.0,66.0,28.0,14.0,10.0,14.0,34.0,92.0,182.0,311.0,367.0,420.0,373.0,315.0,360.0,350.0,252.0,256.0,223.0,206.0,140.0,128.0,107.0
2011-06-13,28.0,16.0,10.0,7.0,4.0,29.0,105.0,328.0,476.0,224.0,118.0,159.0,196.0,227.0,200.0,185.0,326.0,601.0,586.0,423.0,331.0,218.0,134.0,89.0
2011-06-14,31.0,13.0,10.0,2.0,3.0,26.0,113.0,365.0,486.0,193.0,130.0,143.0,169.0,209.0,159.0,178.0,330.0,569.0,538.0,386.0,297.0,243.0,188.0,110.0
2011-06-15,52.0,14.0,9.0,1.0,4.0,21.0,121.0,370.0,498.0,207.0,135.0,164.0,211.0,189.0,178.0,164.0,312.0,638.0,607.0,416.0,330.0,257.0,175.0,107.0
2011-06-16,47.0,17.0,5.0,4.0,6.0,25.0,112.0,188.0,388.0,261.0,121.0,150.0,206.0,151.0,153.0,159.0,294.0,272.0,325.0,327.0,201.0,188.0,151.0,16.0
2011-06-17,24.0,23.0,13.0,6.0,6.0,13.0,97.0,250.0,454.0,224.0,170.0,181.0,243.0,204.0,215.0,243.0,355.0,552.0,450.0,328.0,232.0,208.0,175.0,178.0
2011-06-18,104.0,95.0,53.0,20.0,5.0,7.0,27.0,57.0,131.0,218.0,244.0,404.0,420.0,327.0,334.0,367.0,468.0,449.0,381.0,326.0,188.0,183.0,161.0,150.0
2011-06-19,89.0,76.0,72.0,30.0,17.0,19.0,33.0,71.0,84.0,169.0,244.0,377.0,396.0,363.0,317.0,362.0,378.0,397.0,296.0,311.0,232.0,167.0,152.0,92.0
2011-07-01,68.0,31.0,13.0,11.0,6.0,30.0,108.0,243.0,492.0,260.0,170.0,214.0,263.0,292.0,303.0,381.0,427.0,461.0,422.0,318.0,269.0,218.0,222.0,140.0
2011-07-02,115.0,78.0,52.0,26.0,11.0,14.0,32.0,45.0,132.0,179.0,271.0,357.0,374.0,404.0,392.0,331.0,398.0,349.0,383.0,305.0,284.0,232.0,201.0,154.0
2011-07-03,144.0,78.0,69.0,33.0,5.0,1.0,3.0,25.0,92.0,181.0,264.0,390.0,404.0,421.0,375.0,376.0,414.0,358.0,181.0,183.0,176.0,167.0,162.0,147.0
2011-07-04,140.0,119.0,63.0,26.0,12.0,4.0,16.0,36.0,86.0,238.0,280.0,349.0,447.0,423.0,408.0,408.0,452.0,436.0,418.0,375.0,386.0,457.0,326.0,138.0
2011-07-05,55.0,39.0,13.0,8.0,5.0,20.0,94.0,270.0,432.0,227.0,139.0,172.0,201.0,203.0,178.0,162.0,281.0,545.0,496.0,368.0,284.0,245.0,155.0,73.0
2011-07-06,37.0,15.0,5.0,6.0,6.0,35.0,121.0,312.0,428.0,189.0,43.0,127.0,152.0,140.0,163.0,185.0,275.0,596.0,563.0,394.0,312.0,241.0,186.0,98.0
2011-07-07,35.0,16.0,8.0,4.0,4.0,32.0,118.0,292.0,443.0,179.0,101.0,142.0,171.0,155.0,160.0,166.0,265.0,569.0,562.0,365.0,285.0,209.0,182.0,129.0
2011-07-08,47.0,34.0,22.0,6.0,11.0,27.0,102.0,332.0,457.0,241.0,138.0,165.0,213.0,229.0,216.0,141.0,132.0,167.0,316.0,270.0,250.0,204.0,169.0,151.0
2011-07-09,121.0,53.0,55.0,30.0,6.0,15.0,38.0,71.0,182.0,247.0,264.0,290.0,366.0,416.0,373.0,402.0,416.0,401.0,378.0,306.0,314.0,238.0,214.0,140.0
2011-07-10,154.0,113.0,96.0,25.0,5.0,17.0,25.0,65.0,92.0,169.0,268.0,287.0,377.0,367.0,349.0,361.0,372.0,363.0,363.0,303.0,268.0,227.0,143.0,72.0
2011-07-11,35.0,10.0,12.0,10.0,4.0,26.0,121.0,317.0,420.0,208.0,117.0,128.0,148.0,141.0,134.0,146.0,239.0,514.0,472.0,373.0,236.0,130.0,90.0,55.0
2011-07-12,22.0,14.0,9.0,8.0,6.0,25.0,115.0,330.0,417.0,176.0,123.0,125.0,163.0,136.0,124.0,148.0,202.0,428.0,511.0,337.0,308.0,258.0,194.0,79.0
2011-07-13,46.0,12.0,5.0,4.0,5.0,26.0,121.0,313.0,449.0,186.0,113.0,165.0,174.0,158.0,116.0,46.0,141.0,488.0,463.0,419.0,342.0,250.0,184.0,116.0
2011-07-14,46.0,25.0,10.0,6.0,6.0,28.0,130.0,334.0,486.0,224.0,127.0,148.0,223.0,177.0,178.0,180.0,274.0,595.0,578.0,400.0,348.0,261.0,176.0,124.0
2011-07-15,80.0,20.0,38.0,7.0,10.0,23.0,120.0,274.0,564.0,207.0,166.0,210.0,238.0,247.0,265.0,237.0,361.0,587.0,496.0,394.0,343.0,261.0,223.0,167.0
2011-07-16,110.0,75.0,58.0,26.0,16.0,10.0,37.0,52.0,127.0,222.0,322.0,396.0,463.0,497.0,433.0,428.0,425.0,475.0,428.0,406.0,296.0,252.0,201.0,168.0
2011-07-17,125.0,102.0,94.0,47.0,10.0,12.0,21.0,50.0,118.0,184.0,304.0,391.0,420.0,472.0,430.0,324.0,317.0,369.0,390.0,379.0,262.0,207.0,181.0,93.0
2011-07-18,51.0,25.0,10.0,7.0,4.0,17.0,105.0,277.0,347.0,203.0,130.0,141.0,165.0,152.0,138.0,164.0,265.0,545.0,558.0,398.0,323.0,202.0,140.0,91.0
2011-07-19,51.0,13.0,13.0,3.0,5.0,19.0,134.0,315.0,412.0,199.0,141.0,127.0,153.0,172.0,152.0,158.0,277.0,513.0,530.0,388.0,277.0,241.0,156.0,92.0
2011-08-01,29.0,17.0,11.0,4.0,4.0,26.0,100.0,282.0,382.0,166.0,97.0,119.0,168.0,150.0,123.0,129.0,231.0,514.0,543.0,413.0,305.0,220.0,137.0,96.0
2011-08-02,29.0,12.0,8.0,5.0,10.0,21.0,117.0,335.0,435.0,213.0,140.0,128.0,157.0,203.0,159.0,168.0,274.0,556.0,556.0,454.0,288.0,254.0,191.0,132.0
2011-08-03,43.0,16.0,11.0,4.0,7.0,24.0,110.0,271.0,437.0,195.0,68.0,122.0,161.0,144.0,147.0,118.0,150.0,425.0,492.0,321.0,87.0,88.0,77.0,56.0
2011-08-04,17.0,17.0,7.0,3.0,7.0,20.0,97.0,282.0,398.0,187.0,113.0,149.0,205.0,205.0,167.0,165.0,290.0,555.0,523.0,366.0,286.0,211.0,174.0,132.0
2011-08-05,54.0,19.0,19.0,6.0,7.0,16.0,101.0,270.0,454.0,226.0,163.0,147.0,216.0,204.0,245.0,210.0,330.0,550.0,466.0,372.0,291.0,173.0,188.0,139.0
2011-08-06,133.0,67.0,53.0,42.0,10.0,6.0,27.0,63.0,121.0,215.0,290.0,349.0,382.0,441.0,380.0,362.0,343.0,149.0,211.0,171.0,137.0,114.0,120.0,108.0
2011-08-07,80.0,73.0,66.0,32.0,6.0,5.0,13.0,39.0,89.0,184.0,266.0,269.0,370.0,324.0,322.0,326.0,193.0,194.0,229.0,228.0,183.0,136.0,103.0,55.0
2011-08-08,30.0,12.0,7.0,1.0,10.0,15.0,95.0,267.0,349.0,183.0,124.0,179.0,182.0,151.0,150.0,126.0,282.0,527.0,529.0,416.0,286.0,186.0,147.0,72.0
2011-08-09,35.0,14.0,12.0,3.0,7.0,30.0,101.0,343.0,392.0,175.0,144.0,149.0,185.0,175.0,148.0,164.0,285.0,532.0,585.0,371.0,292.0,230.0,155.0,75.0
2011-08-10,37.0,17.0,11.0,4.0,5.0,32.0,119.0,305.0,399.0,180.0,113.0,149.0,240.0,191.0,178.0,194.0,282.0,584.0,559.0,413.0,312.0,209.0,139.0,108.0
2011-08-11,46.0,26.0,11.0,9.0,5.0,25.0,106.0,307.0,390.0,197.0,132.0,187.0,214.0,217.0,142.0,178.0,298.0,582.0,571.0,371.0,288.0,206.0,157.0,127.0
2011-08-12,65.0,23.0,15.0,9.0,5.0,26.0,76.0,264.0,426.0,205.0,130.0,156.0,222.0,253.0,186.0,249.0,334.0,516.0,465.0,385.0,287.0,226.0,231.0,151.0
2011-08-13,84.0,77.0,74.0,27.0,10.0,18.0,22.0,44.0,118.0,208.0,260.0,314.0,421.0,153.0,259.0,358.0,281.0,269.0,292.0,237.0,183.0,167.0,154.0,120.0
2011-08-14,90.0,73.0,62.0,27.0,3.0,10.0,6.0,24.0,41.0,103.0,183.0,198.0,281.0,377.0,370.0,331.0,292.0,329.0,347.0,259.0,193.0,155.0,39.0,27.0
2011-08-15,25.0,10.0,3.0,7.0,5.0,17.0,90.0,258.0,355.0,222.0,141.0,153.0,178.0,193.0,151.0,182.0,283.0,530.0,483.0,397.0,285.0,184.0,98.0,88.0
2011-08-16,31.0,16.0,4.0,6.0,5.0,30.0,119.0,346.0,441.0,198.0,111.0,150.0,162.0,192.0,182.0,159.0,303.0,600.0,570.0,376.0,280.0,215.0,152.0,77.0
2011-08-17,24.0,14.0,6.0,5.0,5.0,28.0,105.0,308.0,487.0,209.0,118.0,128.0,189.0,176.0,192.0,159.0,300.0,552.0,556.0,347.0,280.0,230.0,171.0,105.0
2011-08-18,56.0,24.0,6.0,6.0,9.0,27.0,103.0,308.0,420.0,228.0,129.0,141.0,173.0,187.0,182.0,174.0,245.0,409.0,274.0,141.0,165.0,149.0,135.0,114.0
2011-08-19,62.0,20.0,8.0,3.0,8.0,17.0,93.0,263.0,398.0,218.0,165.0,165.0,222.0,232.0,220.0,222.0,327.0,527.0,425.0,165.0,58.0,107.0,122.0,106.0
2011-09-01,51.0,21.0,25.0,14.0,7.0,23.0,105.0,342.0,498.0,207.0,138.0,192.0,229.0,219.0,198.0,174.0,308.0,628.0,531.0,443.0,280.0,177.0,179.0,126.0
2011-09-02,64.0,32.0,20.0,8.0,4.0,20.0,76.0,259.0,456.0,220.0,140.0,192.0,260.0,279.0,283.0,346.0,381.0,455.0,355.0,287.0,196.0,149.0,147.0,98.0
2011-09-03,87.0,74.0,41.0,35.0,7.0,12.0,23.0,38.0,89.0,201.0,258.0,194.0,257.0,353.0,380.0,388.0,374.0,371.0,339.0,295.0,219.0,164.0,162.0,123.0
2011-09-04,109.0,75.0,60.0,43.0,4.0,6.0,3.0,30.0,70.0,189.0,297.0,337.0,435.0,419.0,361.0,410.0,337.0,376.0,356.0,328.0,229.0,207.0,155.0,104.0
2011-09-05,97.0,54.0,39.0,16.0,8.0,6.0,11.0,41.0,101.0,152.0,244.0,308.0,353.0,389.0,357.0,253.0,284.0,114.0,123.0,175.0,82.0,60.0,64.0,20.0
2011-09-07,13.0,5.0,6.0,2.0,4.0,16.0,75.0,86.0,328.0,190.0,66.0,10.0,22.0,11.0,25.0,58.0,144.0,285.0,237.0,226.0,96.0,38.0,29.0,24.0
2011-09-09,16.0,8.0,8.0,2.0,3.0,14.0,57.0,108.0,288.0,136.0,29.0,72.0,75.0,122.0,148.0,188.0,285.0,505.0,410.0,349.0,210.0,203.0,160.0,148.0
2011-09-10,116.0,83.0,64.0,37.0,7.0,8.0,6.0,52.0,119.0,207.0,318.0,360.0,404.0,370.0,359.0,480.0,431.0,460.0,360.0,315.0,245.0,230.0,175.0,139.0
2011-09-11,108.0,88.0,76.0,45.0,9.0,39.0,20.0,37.0,94.0,227.0,334.0,402.0,411.0,350.0,342.0,404.0,483.0,380.0,339.0,333.0,226.0,159.0,95.0,45.0
2011-09-13,26.0,10.0,2.0,4.0,8.0,20.0,122.0,362.0,425.0,214.0,135.0,153.0,187.0,184.0,190.0,180.0,292.0,579.0,539.0,396.0,272.0,245.0,144.0,74.0
2011-09-14,33.0,8.0,5.0,8.0,9.0,31.0,145.0,370.0,429.0,202.0,142.0,164.0,212.0,178.0,124.0,176.0,277.0,599.0,586.0,381.0,261.0,213.0,160.0,72.0
2011-09-15,37.0,20.0,5.0,8.0,7.0,31.0,124.0,338.0,391.0,209.0,121.0,159.0,179.0,189.0,170.0,135.0,222.0,261.0,244.0,232.0,248.0,145.0,115.0,69.0
2011-09-16,48.0,26.0,10.0,6.0,4.0,32.0,93.0,299.0,409.0,210.0,140.0,179.0,251.0,223.0,225.0,203.0,358.0,566.0,482.0,315.0,225.0,163.0,167.0,126.0
2011-09-17,108.0,80.0,79.0,28.0,5.0,5.0,22.0,37.0,108.0,177.0,249.0,367.0,372.0,349.0,297.0,354.0,305.0,359.0,329.0,256.0,176.0,170.0,143.0,136.0
2011-09-18,112.0,79.0,89.0,36.0,1.0,6.0,12.0,44.0,69.0,140.0,260.0,317.0,364.0,376.0,311.0,365.0,369.0,325.0,289.0,245.0,180.0,147.0,84.0,54.0
2011-09-19,37.0,10.0,13.0,5.0,8.0,28.0,113.0,332.0,420.0,215.0,105.0,139.0,189.0,177.0,188.0,187.0,263.0,568.0,540.0,374.0,231.0,200.0,129.0,68.0
2011-10-01,130.0,58.0,67.0,25.0,8.0,5.0,19.0,36.0,67.0,129.0,121.0,132.0,158.0,125.0,180.0,195.0,223.0,228.0,140.0,126.0,66.0,56.0,70.0,65.0
2011-10-02,47.0,24.0,30.0,9.0,7.0,7.0,15.0,29.0,64.0,115.0,248.0,292.0,321.0,308.0,256.0,173.0,206.0,167.0,174.0,162.0,87.0,88.0,64.0,25.0
2011-10-03,16.0,6.0,4.0,7.0,8.0,21.0,94.0,249.0,372.0,153.0,101.0,126.0,147.0,118.0,120.0,101.0,218.0,495.0,412.0,315.0,204.0,138.0,91.0,54.0
2011-10-04,27.0,9.0,3.0,6.0,7.0,27.0,112.0,309.0,400.0,187.0,126.0,124.0,199.0,173.0,183.0,194.0,309.0,585.0,524.0,345.0,261.0,166.0,114.0,66.0
2011-10-05,43.0,11.0,3.0,6.0,5.0,32.0,117.0,301.0,467.0,219.0,133.0,170.0,214.0,219.0,190.0,182.0,282.0,591.0,593.0,374.0,246.0,201.0,154.0,73.0
2011-10-06,40.0,22.0,10.0,5.0,5.0,24.0,114.0,302.0,457.0,208.0,129.0,144.0,226.0,191.0,195.0,219.0,323.0,568.0,538.0,343.0,260.0,195.0,148.0,99.0
2011-10-07,67.0,28.0,5.0,10.0,5.0,27.0,87.0,242.0,417.0,241.0,174.0,230.0,235.0,305.0,256.0,270.0,419.0,563.0,465.0,294.0,197.0,166.0,146.0,136.0
2011-10-08,89.0,65.0,45.0,20.0,10.0,8.0,22.0,73.0,103.0,217.0,337.0,397.0,446.0,485.0,465.0,496.0,451.0,393.0,359.0,248.0,202.0,187.0,149.0,142.0
2011-10-09,129.0,78.0,55.0,30.0,14.0,15.0,21.0,44.0,107.0,185.0,365.0,423.0,455.0,418.0,500.0,407.0,470.0,438.0,414.0,302.0,193.0,173.0,152.0,123.0
2011-10-10,53.0,34.0,19.0,11.0,6.0,21.0,44.0,114.0,254.0,219.0,265.0,322.0,365.0,365.0,370.0,384.0,402.0,459.0,473.0,336.0,225.0,175.0,126.0,75.0
2011-10-11,30.0,11.0,5.0,3.0,5.0,20.0,123.0,352.0,406.0,235.0,149.0,123.0,181.0,180.0,171.0,175.0,320.0,604.0,539.0,318.0,234.0,175.0,147.0,57.0
2011-10-12,25.0,10.0,2.0,2.0,7.0,22.0,112.0,259.0,404.0,197.0,113.0,120.0,62.0,101.0,78.0,45.0,55.0,251.0,172.0,109.0,90.0,83.0,43.0,54.0
2011-10-13,15.0,12.0,4.0,6.0,7.0,17.0,52.0,81.0,209.0,109.0,69.0,84.0,105.0,162.0,133.0,155.0,276.0,479.0,268.0,205.0,181.0,123.0,114.0,47.0
2011-10-14,39.0,24.0,6.0,7.0,8.0,17.0,94.0,147.0,209.0,180.0,125.0,87.0,75.0,132.0,156.0,230.0,344.0,481.0,423.0,248.0,196.0,178.0,143.0,95.0
2011-10-15,106.0,73.0,56.0,23.0,6.0,7.0,20.0,57.0,125.0,207.0,322.0,374.0,456.0,394.0,472.0,377.0,443.0,441.0,372.0,238.0,179.0,168.0,166.0,135.0
2011-10-16,107.0,77.0,65.0,42.0,12.0,7.0,10.0,48.0,99.0,190.0,347.0,377.0,444.0,438.0,462.0,412.0,466.0,405.0,328.0,233.0,178.0,102.0,130.0,62.0
2011-10-17,37.0,17.0,7.0,2.0,5.0,29.0,114.0,309.0,414.0,206.0,135.0,166.0,205.0,205.0,166.0,208.0,302.0,620.0,518.0,333.0,229.0,177.0,104.0,62.0
2011-10-18,31.0,11.0,5.0,1.0,4.0,21.0,109.0,341.0,499.0,227.0,102.0,147.0,201.0,219.0,169.0,205.0,304.0,625.0,570.0,317.0,227.0,206.0,137.0,70.0
2011-11-01,21.0,11.0,4.0,6.0,8.0,18.0,93.0,254.0,419.0,222.0,135.0,117.0,176.0,167.0,150.0,186.0,298.0,506.0,460.0,313.0,209.0,127.0,96.0,72.0
2011-11-02,19.0,10.0,2.0,2.0,4.0,27.0,92.0,251.0,472.0,228.0,133.0,144.0,189.0,161.0,172.0,187.0,266.0,553.0,479.0,282.0,182.0,168.0,106.0,57.0
2011-11-03,31.0,15.0,7.0,5.0,4.0,28.0,99.0,292.0,402.0,164.0,110.0,120.0,179.0,169.0,152.0,162.0,267.0,498.0,433.0,252.0,209.0,144.0,137.0,95.0
2011-11-04,43.0,17.0,10.0,8.0,7.0,23.0,66.0,245.0,395.0,254.0,134.0,162.0,197.0,194.0,201.0,237.0,290.0,480.0,374.0,196.0,186.0,123.0,115.0,89.0
2011-11-05,52.0,62.0,31.0,8.0,8.0,2.0,23.0,34.0,84.0,141.0,227.0,238.0,372.0,355.0,386.0,343.0,335.0,334.0,237.0,204.0,165.0,118.0,82.0,85.0
2011-11-06,75.0,115.0,29.0,9.0,6.0,5.0,16.0,28.0,90.0,170.0,262.0,320.0,346.0,314.0,320.0,306.0,347.0,256.0,185.0,151.0,116.0,88.0,45.0,50.0
2011-11-07,15.0,8.0,2.0,3.0,6.0,26.0,99.0,311.0,410.0,174.0,123.0,128.0,179.0,189.0,145.0,170.0,295.0,528.0,425.0,300.0,204.0,139.0,108.0,48.0
2011-11-08,18.0,11.0,1.0,3.0,4.0,18.0,99.0,323.0,466.0,191.0,129.0,147.0,203.0,196.0,161.0,188.0,289.0,499.0,462.0,278.0,181.0,182.0,108.0,48.0
2011-11-09,13.0,10.0,5.0,4.0,4.0,28.0,98.0,300.0,456.0,219.0,105.0,152.0,180.0,167.0,179.0,151.0,281.0,485.0,408.0,304.0,219.0,161.0,114.0,66.0
2011-11-10,24.0,11.0,5.0,11.0,3.0,23.0,114.0,272.0,436.0,211.0,117.0,108.0,167.0,96.0,64.0,62.0,73.0,177.0,273.0,211.0,168.0,136.0,89.0,82.0
2011-11-11,66.0,19.0,11.0,6.0,8.0,13.0,46.0,121.0,258.0,201.0,200.0,170.0,239.0,236.0,247.0,216.0,238.0,310.0,208.0,199.0,109.0,83.0,91.0,73.0
2011-11-12,64.0,54.0,46.0,17.0,7.0,4.0,7.0,27.0,101.0,160.0,232.0,315.0,366.0,353.0,435.0,386.0,361.0,285.0,203.0,171.0,132.0,122.0,118.0,101.0
2011-11-13,73.0,71.0,57.0,28.0,6.0,5.0,23.0,43.0,79.0,135.0,241.0,295.0,354.0,339.0,371.0,310.0,319.0,231.0,190.0,157.0,139.0,95.0,89.0,67.0
2011-11-14,30.0,11.0,17.0,7.0,5.0,19.0,114.0,322.0,452.0,233.0,111.0,128.0,202.0,203.0,185.0,195.0,315.0,519.0,489.0,302.0,240.0,213.0,113.0,61.0
2011-11-15,22.0,10.0,15.0,4.0,7.0,28.0,108.0,319.0,480.0,200.0,138.0,134.0,176.0,153.0,147.0,191.0,271.0,451.0,441.0,286.0,238.0,168.0,128.0,80.0
2011-11-16,31.0,5.0,10.0,5.0,4.0,13.0,56.0,137.0,232.0,82.0,36.0,60.0,54.0,58.0,61.0,66.0,123.0,233.0,189.0,111.0,99.0,75.0,46.0,31.0
2011-11-17,24.0,5.0,5.0,3.0,4.0,22.0,75.0,168.0,355.0,198.0,81.0,97.0,121.0,124.0,110.0,116.0,195.0,399.0,307.0,217.0,169.0,116.0,84.0,58.0
2011-11-18,30.0,10.0,10.0,2.0,5.0,22.0,71.0,216.0,375.0,213.0,115.0,140.0,165.0,177.0,154.0,178.0,209.0,378.0,328.0,190.0,137.0,111.0,97.0,59.0
2011-11-19,53.0,35.0,46.0,15.0,8.0,2.0,12.0,41.0,92.0,142.0,200.0,233.0,311.0,363.0,349.0,382.0,287.0,232.0,208.0,182.0,163.0,108.0,106.0,93.0
2011-12-01,20.0,10.0,9.0,7.0,1.0,24.0,97.0,276.0,477.0,224.0,93.0,102.0,148.0,154.0,150.0,154.0,201.0,418.0,405.0,228.0,190.0,162.0,104.0,73.0
2011-12-02,38.0,15.0,10.0,1.0,3.0,23.0,87.0,205.0,445.0,246.0,105.0,160.0,204.0,207.0,170.0,199.0,276.0,411.0,372.0,265.0,190.0,111.0,102.0,95.0
2011-12-03,75.0,71.0,50.0,9.0,8.0,6.0,11.0,26.0,63.0,124.0,195.0,275.0,358.0,292.0,343.0,337.0,305.0,232.0,224.0,175.0,127.0,109.0,114.0,85.0
2011-12-04,83.0,74.0,62.0,41.0,11.0,4.0,4.0,26.0,55.0,126.0,216.0,254.0,329.0,357.0,323.0,296.0,330.0,245.0,171.0,173.0,124.0,72.0,64.0,45.0
2011-12-05,24.0,12.0,8.0,2.0,7.0,25.0,90.0,283.0,404.0,190.0,87.0,123.0,154.0,171.0,133.0,148.0,248.0,446.0,399.0,308.0,205.0,176.0,106.0,62.0
2011-12-06,28.0,16.0,3.0,3.0,7.0,20.0,86.0,234.0,414.0,204.0,50.0,32.0,55.0,71.0,75.0,45.0,88.0,262.0,304.0,233.0,110.0,114.0,87.0,53.0
2011-12-07,33.0,13.0,6.0,3.0,1.0,3.0,18.0,46.0,86.0,64.0,33.0,50.0,33.0,33.0,25.0,30.0,31.0,52.0,51.0,33.0,26.0,6.0,13.0,16.0
2011-12-08,21.0,7.0,4.0,1.0,2.0,12.0,71.0,244.0,429.0,225.0,110.0,106.0,156.0,124.0,137.0,117.0,208.0,331.0,318.0,232.0,175.0,139.0,92.0,61.0
2011-12-09,34.0,14.0,12.0,6.0,2.0,20.0,63.0,199.0,385.0,264.0,126.0,136.0,173.0,168.0,187.0,189.0,250.0,362.0,318.0,199.0,150.0,140.0,129.0,94.0
2011-12-10,77.0,66.0,60.0,25.0,3.0,6.0,11.0,11.0,73.0,149.0,192.0,236.0,283.0,286.0,293.0,299.0,241.0,185.0,172.0,154.0,124.0,83.0,95.0,66.0
2011-12-11,74.0,62.0,52.0,19.0,5.0,6.0,10.0,31.0,72.0,107.0,194.0,197.0,288.0,268.0,242.0,266.0,206.0,163.0,163.0,105.0,72.0,63.0,43.0,35.0
2011-12-12,20.0,9.0,4.0,2.0,3.0,21.0,64.0,235.0,385.0,220.0,105.0,115.0,145.0,166.0,111.0,132.0,214.0,359.0,357.0,241.0,165.0,121.0,71.0,45.0
2011-12-13,17.0,4.0,2.0,3.0,4.0,20.0,92.0,223.0,400.0,233.0,102.0,124.0,167.0,127.0,134.0,151.0,207.0,398.0,382.0,267.0,161.0,139.0,107.0,59.0
2011-12-14,22.0,8.0,2.0,3.0,4.0,26.0,87.0,247.0,467.0,239.0,142.0,115.0,144.0,133.0,151.0,167.0,245.0,396.0,390.0,268.0,175.0,154.0,104.0,51.0
2011-12-15,50.0,20.0,7.0,3.0,6.0,24.0,92.0,258.0,457.0,280.0,109.0,135.0,157.0,164.0,132.0,82.0,131.0,324.0,377.0,287.0,221.0,155.0,124.0,114.0
2011-12-16,72.0,31.0,23.0,5.0,5.0,26.0,82.0,231.0,459.0,243.0,132.0,144.0,173.0,137.0,128.0,153.0,224.0,365.0,295.0,214.0,152.0,102.0,106.0,75.0
2011-12-17,62.0,43.0,58.0,26.0,9.0,9.0,17.0,20.0,59.0,100.0,181.0,209.0,244.0,236.0,237.0,228.0,222.0,165.0,157.0,106.0,106.0,96.0,80.0,69.0
2011-12-18,71.0,46.0,41.0,18.0,1.0,5.0,3.0,12.0,32.0,81.0,129.0,188.0,228.0,228.0,219.0,207.0,234.0,136.0,138.0,135.0,104.0,89.0,49.0,37.0
2011-12-19,17.0,11.0,3.0,3.0,4.0,21.0,68.0,191.0,397.0,183.0,108.0,127.0,141.0,142.0,137.0,159.0,208.0,378.0,354.0,251.0,206.0,127.0,107.0,60.0
2012-01-01,48.0,93.0,75.0,52.0,8.0,5.0,2.0,7.0,14.0,40.0,70.0,138.0,201.0,223.0,267.0,265.0,215.0,111.0,106.0,105.0,83.0,71.0,66.0,29.0
2012-01-03,13.0,6.0,3.0,2.0,5.0,12.0,85.0,170.0,354.0,153.0,60.0,75.0,74.0,73.0,79.0,77.0,136.0,245.0,224.0,156.0,115.0,68.0,33.0,18.0
2012-01-04,9.0,3.0,1.0,1.0,2.0,14.0,59.0,152.0,315.0,180.0,64.0,46.0,84.0,91.0,75.0,90.0,131.0,281.0,289.0,184.0,123.0,90.0,52.0,32.0
2012-01-05,14.0,5.0,4.0,4.0,5.0,26.0,78.0,215.0,388.0,227.0,86.0,84.0,120.0,118.0,117.0,119.0,197.0,412.0,383.0,265.0,177.0,97.0,71.0,60.0
2012-01-06,25.0,8.0,5.0,4.0,3.0,13.0,70.0,205.0,447.0,241.0,116.0,138.0,191.0,204.0,178.0,222.0,294.0,476.0,419.0,272.0,177.0,154.0,135.0,101.0
2012-01-07,79.0,62.0,38.0,20.0,10.0,9.0,7.0,20.0,64.0,130.0,203.0,324.0,376.0,445.0,512.0,449.0,401.0,322.0,297.0,215.0,170.0,140.0,109.0,119.0
2012-01-08,91.0,72.0,67.0,32.0,6.0,2.0,2.0,24.0,57.0,125.0,208.0,256.0,351.0,343.0,328.0,330.0,314.0,219.0,181.0,112.0,126.0,91.0,58.0,30.0
2012-01-09,15.0,5.0,5.0,3.0,4.0,21.0,88.0,240.0,420.0,197.0,108.0,88.0,103.0,80.0,50.0,69.0,49.0,152.0,164.0,190.0,132.0,79.0,62.0,52.0
2012-01-11,28.0,7.0,5.0,4.0,2.0,22.0,74.0,256.0,499.0,225.0,97.0,99.0,55.0,65.0,73.0,79.0,118.0,134.0,98.0,93.0,57.0,29.0,49.0,9.0
2012-01-12,3.0,3.0,2.0,3.0,2.0,16.0,89.0,220.0,508.0,230.0,90.0,119.0,144.0,183.0,156.0,188.0,281.0,495.0,421.0,330.0,240.0,174.0,133.0,67.0
2012-01-13,42.0,12.0,14.0,7.0,3.0,21.0,73.0,177.0,419.0,214.0,103.0,114.0,154.0,154.0,129.0,138.0,233.0,332.0,301.0,206.0,136.0,102.0,65.0,65.0
2012-01-14,44.0,50.0,38.0,20.0,3.0,4.0,5.0,24.0,92.0,81.0,149.0,178.0,219.0,220.0,231.0,226.0,206.0,144.0,143.0,102.0,103.0,69.0,66.0,76.0
2012-01-15,59.0,42.0,43.0,25.0,6.0,5.0,8.0,17.0,36.0,90.0,126.0,165.0,234.0,224.0,188.0,206.0,205.0,146.0,120.0,110.0,95.0,72.0,60.0,29.0
2012-01-16,25.0,20.0,17.0,3.0,8.0,6.0,13.0,33.0,78.0,96.0,126.0,179.0,185.0,228.0,181.0,192.0,180.0,193.0,181.0,144.0,90.0,49.0,43.0,28.0
2012-01-18,17.0,10.0,2.0,4.0,1.0,29.0,88.0,263.0,489.0,202.0,93.0,114.0,161.0,130.0,105.0,130.0,176.0,346.0,355.0,256.0,165.0,124.0,78.0,38.0
2012-01-19,16.0,5.0,3.0,4.0,1.0,19.0,86.0,206.0,423.0,210.0,108.0,99.0,111.0,124.0,119.0,127.0,193.0,385.0,361.0,234.0,191.0,121.0,90.0,56.0
2012-02-01,31.0,4.0,7.0,3.0,1.0,18.0,67.0,208.0,520.0,276.0,133.0,143.0,179.0,186.0,192.0,194.0,283.0,539.0,526.0,335.0,264.0,233.0,140.0,97.0
2012-02-02,31.0,17.0,9.0,2.0,1.0,19.0,74.0,205.0,445.0,228.0,78.0,105.0,148.0,137.0,141.0,174.0,229.0,450.0,410.0,327.0,213.0,148.0,109.0,61.0
2012-02-03,38.0,22.0,6.0,4.0,2.0,17.0,88.0,226.0,441.0,270.0,129.0,164.0,216.0,198.0,170.0,216.0,311.0,488.0,385.0,267.0,163.0,134.0,119.0,77.0
2012-02-04,86.0,43.0,44.0,18.0,6.0,4.0,5.0,28.0,90.0,157.0,224.0,270.0,300.0,302.0,276.0,305.0,143.0,67.0,64.0,80.0,77.0,78.0,95.0,70.0
2012-02-05,61.0,51.0,63.0,17.0,9.0,4.0,4.0,16.0,62.0,92.0,148.0,182.0,248.0,274.0,243.0,272.0,296.0,306.0,181.0,69.0,50.0,66.0,191.0,42.0
2012-02-07,23.0,14.0,4.0,2.0,3.0,15.0,100.0,299.0,529.0,289.0,116.0,129.0,172.0,184.0,138.0,146.0,276.0,509.0,518.0,338.0,212.0,190.0,118.0,51.0
2012-02-08,23.0,10.0,1.0,1.0,1.0,20.0,98.0,281.0,508.0,253.0,108.0,102.0,138.0,126.0,108.0,54.0,75.0,155.0,167.0,161.0,125.0,129.0,98.0,60.0
2012-02-09,26.0,12.0,2.0,4.0,1.0,18.0,76.0,267.0,484.0,238.0,97.0,99.0,158.0,154.0,144.0,134.0,238.0,399.0,417.0,295.0,199.0,177.0,107.0,84.0
2012-02-10,43.0,13.0,16.0,5.0,2.0,17.0,64.0,230.0,448.0,275.0,124.0,153.0,176.0,192.0,146.0,191.0,268.0,396.0,359.0,262.0,151.0,122.0,113.0,65.0
2012-02-11,53.0,45.0,26.0,9.0,4.0,2.0,9.0,19.0,78.0,90.0,166.0,183.0,221.0,235.0,243.0,124.0,146.0,144.0,108.0,87.0,63.0,48.0,46.0,20.0
2012-02-12,21.0,24.0,27.0,14.0,1.0,3.0,2.0,18.0,26.0,63.0,91.0,124.0,140.0,138.0,111.0,155.0,164.0,87.0,96.0,80.0,57.0,36.0,28.0,23.0
2012-02-13,9.0,6.0,4.0,1.0,2.0,17.0,72.0,195.0,417.0,205.0,71.0,90.0,118.0,140.0,135.0,155.0,211.0,407.0,405.0,263.0,214.0,147.0,102.0,36.0
2012-02-14,14.0,6.0,3.0,3.0,2.0,22.0,90.0,280.0,513.0,262.0,98.0,112.0,172.0,173.0,124.0,145.0,266.0,523.0,406.0,281.0,184.0,109.0,77.0,57.0
2012-02-15,22.0,5.0,4.0,3.0,1.0,25.0,95.0,321.0,515.0,231.0,120.0,138.0,163.0,170.0,134.0,171.0,231.0,487.0,468.0,311.0,211.0,178.0,107.0,58.0
2012-02-16,23.0,5.0,7.0,1.0,3.0,20.0,87.0,288.0,498.0,202.0,44.0,71.0,45.0,64.0,31.0,53.0,118.0,289.0,353.0,258.0,216.0,145.0,111.0,73.0
2012-02-17,34.0,18.0,12.0,1.0,1.0,16.0,71.0,226.0,520.0,283.0,116.0,142.0,198.0,205.0,170.0,221.0,307.0,465.0,377.0,282.0,171.0,129.0,107.0,82.0
2012-02-18,86.0,45.0,45.0,18.0,7.0,1.0,9.0,41.0,102.0,138.0,205.0,286.0,369.0,384.0,427.0,499.0,404.0,364.0,246.0,188.0,148.0,114.0,118.0,74.0
2012-02-19,74.0,72.0,48.0,15.0,3.0,2.0,5.0,14.0,56.0,93.0,191.0,226.0,255.0,261.0,237.0,253.0,212.0,157.0,167.0,119.0,103.0,36.0,55.0,35.0
2012-03-01,11.0,12.0,6.0,3.0,5.0,18.0,109.0,304.0,594.0,286.0,133.0,168.0,220.0,211.0,211.0,223.0,361.0,600.0,525.0,328.0,254.0,197.0,126.0,85.0
2012-03-02,46.0,20.0,6.0,3.0,2.0,24.0,92.0,262.0,549.0,314.0,132.0,194.0,234.0,222.0,205.0,78.0,50.0,128.0,160.0,174.0,100.0,101.0,75.0,23.0
2012-03-03,22.0,44.0,38.0,21.0,2.0,2.0,7.0,16.0,48.0,94.0,168.0,214.0,299.0,339.0,430.0,399.0,467.0,385.0,303.0,225.0,149.0,154.0,134.0,106.0
2012-03-04,72.0,76.0,80.0,26.0,14.0,5.0,5.0,23.0,66.0,118.0,192.0,256.0,327.0,364.0,332.0,334.0,299.0,263.0,184.0,132.0,88.0,79.0,62.0,26.0
2012-03-05,17.0,6.0,4.0,1.0,1.0,18.0,91.0,260.0,428.0,197.0,86.0,103.0,137.0,120.0,128.0,130.0,210.0,387.0,375.0,226.0,179.0,120.0,78.0,31.0
2012-03-06,8.0,6.0,4.0,1.0,3.0,25.0,102.0,275.0,501.0,233.0,129.0,130.0,138.0,164.0,136.0,166.0,250.0,446.0,457.0,287.0,187.0,148.0,106.0,54.0
2012-03-07,15.0,5.0,4.0,3.0,3.0,18.0,108.0,344.0,566.0,264.0,147.0,161.0,215.0,205.0,175.0,209.0,288.0,612.0,544.0,361.0,260.0,188.0,159.0,62.0
2012-03-08,46.0,21.0,11.0,3.0,2.0,29.0,109.0,334.0,585.0,301.0,138.0,204.0,251.0,233.0,203.0,185.0,342.0,597.0,590.0,416.0,302.0,233.0,153.0,94.0
2012-03-09,54.0,26.0,11.0,7.0,1.0,29.0,85.0,268.0,501.0,284.0,159.0,187.0,201.0,224.0,178.0,238.0,343.0,566.0,470.0,244.0,159.0,141.0,107.0,86.0
2012-03-10,77.0,51.0,42.0,16.0,4.0,10.0,12.0,40.0,111.0,148.0,223.0,274.0,329.0,357.0,379.0,406.0,390.0,354.0,297.0,184.0,121.0,110.0,100.0,83.0
2012-03-12,24.0,10.0,9.0,2.0,3.0,16.0,88.0,268.0,564.0,281.0,137.0,150.0,221.0,250.0,221.0,233.0,332.0,644.0,712.0,446.0,286.0,205.0,133.0,63.0
2012-03-13,26.0,16.0,1.0,2.0,1.0,24.0,113.0,308.0,593.0,342.0,143.0,219.0,244.0,233.0,212.0,264.0,365.0,676.0,734.0,479.0,351.0,244.0,170.0,87.0
2012-03-14,39.0,27.0,2.0,4.0,5.0,27.0,121.0,368.0,662.0,351.0,188.0,220.0,267.0,254.0,224.0,283.0,356.0,782.0,749.0,472.0,330.0,288.0,202.0,91.0
2012-03-15,60.0,23.0,19.0,7.0,14.0,26.0,117.0,381.0,623.0,315.0,164.0,211.0,265.0,273.0,258.0,287.0,426.0,713.0,746.0,425.0,330.0,243.0,169.0,97.0
2012-03-16,57.0,26.0,4.0,3.0,3.0,32.0,99.0,278.0,562.0,312.0,180.0,207.0,294.0,260.0,202.0,107.0,129.0,258.0,408.0,296.0,235.0,152.0,148.0,126.0
2012-03-17,100.0,69.0,42.0,26.0,2.0,8.0,30.0,86.0,218.0,321.0,443.0,585.0,651.0,686.0,690.0,679.0,685.0,648.0,560.0,417.0,271.0,223.0,211.0,185.0
2012-03-18,107.0,113.0,56.0,18.0,14.0,6.0,11.0,42.0,96.0,178.0,351.0,368.0,503.0,544.0,521.0,554.0,541.0,541.0,459.0,352.0,198.0,173.0,100.0,46.0
2012-03-19,23.0,15.0,8.0,2.0,3.0,31.0,120.0,354.0,579.0,331.0,184.0,201.0,282.0,263.0,260.0,286.0,385.0,721.0,801.0,549.0,330.0,223.0,148.0,54.0
2012-04-01,67.0,62.0,81.0,25.0,12.0,18.0,97.0,84.0,125.0,275.0,360.0,451.0,445.0,464.0,561.0,573.0,511.0,555.0,432.0,346.0,232.0,134.0,68.0,63.0
2012-04-03,33.0,11.0,5.0,3.0,1.0,27.0,100.0,341.0,604.0,408.0,219.0,258.0,331.0,345.0,311.0,316.0,485.0,757.0,800.0,558.0,379.0,243.0,158.0,79.0
2012-04-04,41.0,11.0,5.0,3.0,1.0,27.0,126.0,366.0,684.0,363.0,167.0,213.0,283.0,251.0,258.0,268.0,390.0,744.0,759.0,494.0,372.0,298.0,181.0,131.0
2012-04-05,45.0,13.0,18.0,5.0,1.0,29.0,126.0,354.0,638.0,351.0,246.0,268.0,276.0,291.0,287.0,269.0,402.0,822.0,698.0,487.0,312.0,234.0,149.0,136.0
2012-04-06,61.0,38.0,11.0,8.0,5.0,23.0,80.0,246.0,508.0,376.0,238.0,291.0,337.0,411.0,490.0,537.0,536.0,655.0,484.0,412.0,252.0,190.0,158.0,113.0
2012-04-07,94.0,69.0,36.0,28.0,7.0,2.0,19.0,54.0,123.0,276.0,363.0,495.0,590.0,643.0,578.0,626.0,615.0,567.0,517.0,413.0,208.0,234.0,182.0,118.0
2012-04-08,85.0,64.0,32.0,26.0,7.0,12.0,28.0,37.0,84.0,179.0,299.0,404.0,457.0,483.0,503.0,486.0,476.0,411.0,310.0,276.0,211.0,130.0,118.0,51.0
2012-04-09,37.0,16.0,6.0,3.0,5.0,32.0,111.0,331.0,617.0,286.0,178.0,223.0,280.0,281.0,218.0,255.0,391.0,632.0,646.0,421.0,276.0,165.0,108.0,67.0
2012-04-10,26.0,9.0,2.0,2.0,2.0,24.0,103.0,384.0,692.0,319.0,181.0,239.0,259.0,283.0,224.0,203.0,362.0,744.0,704.0,479.0,282.0,206.0,127.0,62.0
2012-04-12,23.0,9.0,4.0,5.0,1.0,21.0,96.0,306.0,624.0,287.0,141.0,224.0,259.0,203.0,224.0,211.0,353.0,656.0,610.0,433.0,280.0,187.0,158.0,94.0
2012-04-13,55.0,30.0,11.0,11.0,5.0,21.0,84.0,296.0,563.0,330.0,192.0,233.0,322.0,358.0,348.0,352.0,463.0,738.0,671.0,427.0,286.0,189.0,215.0,198.0
2012-04-14,96.0,70.0,56.0,32.0,14.0,7.0,21.0,64.0,160.0,265.0,406.0,564.0,678.0,678.0,660.0,658.0,582.0,560.0,481.0,459.0,321.0,220.0,212.0,196.0
2012-04-15,124.0,106.0,74.0,45.0,12.0,10.0,16.0,46.0,97.0,251.0,421.0,528.0,635.0,681.0,628.0,617.0,616.0,623.0,479.0,379.0,291.0,229.0,134.0,90.0
2012-04-16,41.0,28.0,14.0,8.0,6.0,38.0,133.0,387.0,597.0,297.0,224.0,251.0,271.0,263.0,288.0,275.0,358.0,712.0,676.0,522.0,375.0,271.0,214.0,121.0
2012-04-17,43.0,11.0,4.0,6.0,9.0,30.0,144.0,461.0,673.0,400.0,217.0,239.0,244.0,239.0,257.0,308.0,370.0,781.0,775.0,537.0,402.0,297.0,162.0,82.0
2012-04-18,38.0,14.0,9.0,6.0,7.0,34.0,134.0,418.0,576.0,265.0,147.0,119.0,110.0,64.0,51.0,98.0,235.0,488.0,505.0,368.0,260.0,189.0,162.0,70.0
2012-04-19,25.0,13.0,6.0,4.0,4.0,30.0,120.0,406.0,677.0,301.0,189.0,229.0,264.0,238.0,237.0,262.0,387.0,748.0,776.0,586.0,404.0,267.0,248.0,144.0
2012-05-01,35.0,21.0,8.0,3.0,8.0,17.0,26.0,169.0,557.0,349.0,174.0,229.0,269.0,249.0,204.0,234.0,354.0,681.0,743.0,487.0,335.0,282.0,211.0,95.0
2012-05-02,47.0,15.0,16.0,6.0,4.0,33.0,120.0,358.0,666.0,315.0,175.0,184.0,245.0,228.0,240.0,256.0,367.0,729.0,813.0,504.0,338.0,239.0,173.0,98.0
2012-05-03,90.0,24.0,17.0,6.0,2.0,21.0,136.0,384.0,627.0,304.0,168.0,201.0,301.0,265.0,204.0,283.0,370.0,704.0,706.0,522.0,420.0,299.0,246.0,121.0
2012-05-04,89.0,48.0,11.0,14.0,4.0,24.0,135.0,356.0,618.0,294.0,199.0,258.0,171.0,278.0,242.0,343.0,440.0,643.0,641.0,452.0,313.0,235.0,232.0,256.0
2012-05-05,153.0,107.0,75.0,32.0,9.0,22.0,42.0,87.0,197.0,284.0,432.0,575.0,550.0,524.0,428.0,541.0,540.0,502.0,434.0,405.0,309.0,269.0,217.0,149.0
2012-05-06,134.0,121.0,93.0,28.0,16.0,11.0,17.0,36.0,114.0,191.0,333.0,414.0,558.0,565.0,518.0,571.0,544.0,511.0,463.0,383.0,276.0,203.0,157.0,102.0
2012-05-07,34.0,9.0,6.0,5.0,2.0,23.0,142.0,385.0,639.0,350.0,190.0,213.0,263.0,272.0,239.0,262.0,388.0,769.0,680.0,546.0,323.0,247.0,173.0,113.0
2012-05-08,38.0,9.0,16.0,6.0,5.0,20.0,165.0,463.0,641.0,295.0,157.0,217.0,263.0,219.0,71.0,134.0,389.0,717.0,710.0,458.0,302.0,223.0,147.0,63.0
2012-05-09,35.0,14.0,1.0,2.0,5.0,28.0,126.0,418.0,622.0,325.0,153.0,201.0,280.0,266.0,243.0,259.0,357.0,705.0,372.0,98.0,51.0,34.0,67.0,55.0
2012-05-10,33.0,11.0,3.0,3.0,2.0,24.0,139.0,401.0,630.0,361.0,154.0,256.0,272.0,318.0,247.0,271.0,421.0,732.0,770.0,553.0,374.0,230.0,232.0,135.0
2012-05-11,64.0,46.0,31.0,13.0,9.0,26.0,135.0,351.0,620.0,322.0,210.0,291.0,348.0,363.0,334.0,439.0,525.0,779.0,596.0,503.0,341.0,270.0,234.0,180.0
2012-05-12,136.0,93.0,56.0,34.0,9.0,13.0,33.0,67.0,178.0,335.0,411.0,522.0,559.0,659.0,615.0,590.0,591.0,576.0,546.0,439.0,287.0,230.0,274.0,176.0
2012-05-13,98.0,94.0,82.0,28.0,9.0,12.0,21.0,60.0,156.0,222.0,350.0,428.0,531.0,602.0,552.0,499.0,564.0,478.0,389.0,339.0,230.0,169.0,131.0,74.0
2012-05-14,35.0,11.0,2.0,2.0,6.0,26.0,65.0,75.0,156.0,110.0,59.0,79.0,185.0,176.0,171.0,196.0,111.0,229.0,300.0,304.0,189.0,152.0,129.0,75.0
2012-05-15,32.0,19.0,4.0,6.0,5.0,8.0,24.0,92.0,409.0,355.0,171.0,224.0,264.0,239.0,184.0,256.0,374.0,678.0,733.0,512.0,263.0,109.0,83.0,71.0
2012-05-16,39.0,21.0,19.0,6.0,4.0,38.0,158.0,440.0,650.0,347.0,192.0,267.0,330.0,350.0,263.0,274.0,446.0,873.0,846.0,590.0,459.0,393.0,286.0,133.0
2012-05-17,79.0,28.0,16.0,3.0,16.0,35.0,159.0,474.0,634.0,346.0,205.0,279.0,348.0,327.0,270.0,316.0,430.0,852.0,868.0,537.0,446.0,299.0,251.0,166.0
2012-05-18,70.0,49.0,21.0,14.0,11.0,34.0,182.0,515.0,745.0,361.0,255.0,334.0,360.0,395.0,350.0,391.0,568.0,812.0,669.0,483.0,337.0,258.0,251.0,174.0
2012-05-19,148.0,104.0,69.0,33.0,14.0,12.0,50.0,95.0,195.0,292.0,452.0,586.0,642.0,704.0,730.0,672.0,642.0,626.0,645.0,432.0,315.0,259.0,338.0,239.0
2012-06-01,86.0,34.0,16.0,4.0,6.0,45.0,141.0,402.0,694.0,298.0,204.0,235.0,310.0,316.0,254.0,258.0,222.0,227.0,110.0,45.0,39.0,85.0,23.0,73.0
2012-06-02,86.0,76.0,41.0,26.0,13.0,12.0,36.0,86.0,210.0,332.0,493.0,536.0,668.0,679.0,647.0,702.0,644.0,586.0,512.0,554.0,399.0,316.0,228.0,238.0
2012-06-03,169.0,121.0,89.0,50.0,13.0,12.0,22.0,35.0,140.0,300.0,404.0,511.0,684.0,686.0,678.0,644.0,662.0,578.0,496.0,453.0,314.0,246.0,226.0,108.0
2012-06-04,49.0,14.0,11.0,5.0,8.0,35.0,139.0,517.0,665.0,282.0,187.0,239.0,282.0,274.0,270.0,292.0,448.0,834.0,822.0,645.0,461.0,265.0,168.0,86.0
2012-06-05,34.0,20.0,8.0,5.0,5.0,36.0,184.0,569.0,710.0,335.0,176.0,227.0,247.0,267.0,276.0,272.0,473.0,850.0,790.0,513.0,415.0,283.0,193.0,113.0
2012-06-06,49.0,27.0,11.0,8.0,10.0,38.0,172.0,547.0,668.0,303.0,203.0,226.0,315.0,303.0,302.0,300.0,452.0,724.0,782.0,538.0,408.0,298.0,248.0,123.0
2012-06-07,59.0,22.0,12.0,5.0,6.0,34.0,170.0,526.0,681.0,337.0,210.0,237.0,336.0,315.0,265.0,333.0,466.0,869.0,813.0,602.0,478.0,313.0,228.0,177.0
2012-06-08,77.0,29.0,19.0,8.0,10.0,29.0,139.0,428.0,700.0,382.0,249.0,264.0,369.0,416.0,373.0,397.0,523.0,793.0,723.0,555.0,408.0,339.0,291.0,215.0
2012-06-09,206.0,123.0,89.0,40.0,8.0,19.0,80.0,87.0,244.0,340.0,466.0,569.0,531.0,585.0,593.0,555.0,534.0,495.0,451.0,360.0,363.0,316.0,214.0,230.0
2012-06-10,158.0,116.0,73.0,29.0,10.0,13.0,30.0,62.0,181.0,266.0,413.0,499.0,502.0,492.0,500.0,475.0,508.0,521.0,490.0,375.0,363.0,253.0,159.0,110.0
2012-06-11,41.0,24.0,17.0,6.0,7.0,37.0,144.0,503.0,651.0,316.0,147.0,202.0,261.0,248.0,259.0,259.0,427.0,800.0,831.0,596.0,394.0,250.0,164.0,80.0
2012-06-12,28.0,16.0,6.0,12.0,4.0,29.0,136.0,303.0,613.0,285.0,125.0,65.0,95.0,59.0,60.0,116.0,239.0,681.0,653.0,491.0,386.0,274.0,207.0,89.0
2012-06-13,34.0,28.0,4.0,8.0,10.0,40.0,194.0,505.0,713.0,352.0,198.0,246.0,334.0,255.0,320.0,281.0,392.0,857.0,744.0,671.0,448.0,396.0,238.0,153.0
2012-06-14,48.0,21.0,9.0,5.0,6.0,40.0,181.0,506.0,719.0,357.0,179.0,228.0,265.0,284.0,298.0,324.0,438.0,867.0,823.0,579.0,435.0,337.0,242.0,172.0
2012-06-15,94.0,51.0,15.0,5.0,14.0,33.0,151.0,430.0,653.0,366.0,216.0,286.0,403.0,393.0,376.0,377.0,558.0,823.0,693.0,467.0,385.0,333.0,321.0,222.0
2012-06-16,137.0,95.0,67.0,27.0,8.0,23.0,47.0,78.0,204.0,367.0,435.0,566.0,603.0,617.0,573.0,583.0,542.0,593.0,571.0,461.0,352.0,290.0,280.0,183.0
2012-06-17,148.0,88.0,74.0,28.0,18.0,17.0,23.0,48.0,119.0,274.0,436.0,546.0,615.0,614.0,582.0,463.0,580.0,593.0,513.0,390.0,302.0,246.0,153.0,108.0
2012-06-18,40.0,14.0,9.0,4.0,9.0,23.0,37.0,145.0,474.0,250.0,91.0,121.0,168.0,225.0,219.0,237.0,332.0,723.0,642.0,463.0,362.0,273.0,164.0,74.0
2012-06-19,35.0,14.0,15.0,8.0,10.0,37.0,161.0,480.0,673.0,328.0,180.0,230.0,292.0,272.0,227.0,259.0,334.0,811.0,795.0,514.0,458.0,276.0,291.0,125.0
2012-07-01,149.0,93.0,90.0,33.0,4.0,10.0,27.0,50.0,142.0,219.0,366.0,377.0,433.0,420.0,444.0,345.0,313.0,413.0,370.0,382.0,332.0,258.0,151.0,110.0
2012-07-02,43.0,17.0,15.0,5.0,12.0,40.0,136.0,398.0,568.0,295.0,174.0,201.0,257.0,236.0,230.0,234.0,365.0,747.0,730.0,581.0,395.0,258.0,188.0,102.0
2012-07-03,53.0,14.0,10.0,2.0,6.0,35.0,154.0,483.0,646.0,272.0,209.0,217.0,272.0,283.0,310.0,401.0,527.0,722.0,627.0,497.0,376.0,196.0,177.0,171.0
2012-07-04,159.0,123.0,93.0,32.0,16.0,19.0,32.0,72.0,153.0,293.0,447.0,485.0,494.0,499.0,547.0,454.0,389.0,414.0,430.0,432.0,551.0,584.0,502.0,183.0
2012-07-05,88.0,30.0,18.0,7.0,7.0,29.0,133.0,343.0,550.0,293.0,186.0,244.0,276.0,310.0,241.0,254.0,433.0,689.0,607.0,503.0,321.0,323.0,225.0,131.0
2012-07-06,102.0,29.0,17.0,7.0,6.0,35.0,131.0,353.0,585.0,304.0,210.0,233.0,331.0,293.0,275.0,285.0,369.0,576.0,560.0,418.0,336.0,300.0,288.0,164.0
2012-07-07,150.0,71.0,58.0,31.0,16.0,14.0,31.0,71.0,152.0,256.0,325.0,367.0,342.0,360.0,308.0,306.0,294.0,279.0,277.0,287.0,276.0,201.0,220.0,148.0
2012-07-08,147.0,124.0,70.0,35.0,13.0,6.0,21.0,52.0,130.0,242.0,319.0,389.0,376.0,337.0,312.0,298.0,291.0,270.0,253.0,250.0,285.0,207.0,122.0,123.0
2012-07-09,39.0,18.0,5.0,5.0,2.0,28.0,92.0,230.0,455.0,363.0,175.0,216.0,266.0,255.0,242.0,280.0,413.0,849.0,872.0,631.0,447.0,331.0,224.0,131.0
2012-07-10,69.0,15.0,16.0,3.0,4.0,42.0,187.0,520.0,649.0,331.0,190.0,249.0,272.0,280.0,242.0,265.0,435.0,872.0,819.0,414.0,84.0,90.0,139.0,103.0
2012-07-11,44.0,14.0,5.0,5.0,7.0,41.0,185.0,497.0,674.0,328.0,195.0,229.0,292.0,273.0,241.0,276.0,411.0,830.0,814.0,633.0,483.0,391.0,244.0,152.0
2012-07-12,56.0,21.0,9.0,10.0,5.0,44.0,178.0,512.0,702.0,327.0,214.0,215.0,292.0,277.0,209.0,271.0,439.0,795.0,825.0,629.0,514.0,373.0,318.0,211.0
2012-07-13,95.0,59.0,17.0,9.0,11.0,34.0,127.0,380.0,713.0,414.0,268.0,288.0,379.0,374.0,369.0,353.0,492.0,835.0,631.0,488.0,389.0,299.0,263.0,212.0
2012-07-14,191.0,118.0,101.0,40.0,9.0,5.0,35.0,48.0,151.0,282.0,401.0,439.0,499.0,591.0,632.0,560.0,566.0,458.0,351.0,431.0,356.0,269.0,225.0,211.0
2012-07-15,187.0,168.0,115.0,57.0,19.0,9.0,15.0,47.0,133.0,221.0,382.0,451.0,489.0,480.0,476.0,489.0,495.0,436.0,312.0,312.0,294.0,223.0,130.0,91.0
2012-07-16,43.0,11.0,15.0,6.0,12.0,50.0,140.0,483.0,667.0,348.0,186.0,182.0,237.0,239.0,212.0,237.0,386.0,755.0,794.0,595.0,454.0,328.0,284.0,166.0
2012-07-17,53.0,25.0,7.0,3.0,7.0,38.0,213.0,526.0,661.0,320.0,159.0,206.0,254.0,221.0,214.0,244.0,381.0,770.0,772.0,547.0,427.0,333.0,244.0,161.0
2012-07-18,53.0,16.0,8.0,4.0,6.0,46.0,162.0,495.0,679.0,297.0,138.0,183.0,202.0,203.0,170.0,194.0,224.0,370.0,643.0,516.0,366.0,319.0,288.0,131.0
2012-07-19,66.0,25.0,7.0,5.0,8.0,40.0,152.0,473.0,657.0,318.0,198.0,216.0,274.0,254.0,197.0,292.0,358.0,771.0,777.0,533.0,505.0,332.0,68.0,65.0
2012-08-01,47.0,33.0,13.0,7.0,4.0,49.0,185.0,487.0,681.0,350.0,236.0,234.0,284.0,280.0,263.0,295.0,479.0,837.0,891.0,652.0,513.0,320.0,288.0,152.0
2012-08-02,63.0,42.0,11.0,6.0,9.0,41.0,183.0,473.0,739.0,343.0,181.0,226.0,286.0,310.0,225.0,270.0,406.0,865.0,767.0,607.0,427.0,342.0,262.0,177.0
2012-08-03,71.0,43.0,14.0,6.0,12.0,37.0,163.0,421.0,668.0,396.0,249.0,263.0,338.0,345.0,331.0,380.0,492.0,741.0,671.0,469.0,389.0,278.0,202.0,196.0
2012-08-04,161.0,122.0,84.0,30.0,13.0,17.0,49.0,67.0,181.0,278.0,396.0,470.0,547.0,527.0,472.0,489.0,450.0,492.0,490.0,397.0,312.0,289.0,269.0,222.0
2012-08-05,153.0,87.0,73.0,41.0,14.0,19.0,19.0,68.0,108.0,229.0,364.0,437.0,491.0,523.0,526.0,450.0,421.0,382.0,229.0,185.0,193.0,208.0,157.0,87.0
2012-08-06,33.0,11.0,5.0,5.0,11.0,25.0,141.0,407.0,605.0,276.0,213.0,260.0,285.0,289.0,287.0,274.0,451.0,858.0,843.0,640.0,457.0,317.0,207.0,113.0
2012-08-07,47.0,18.0,13.0,6.0,9.0,36.0,179.0,502.0,705.0,327.0,250.0,214.0,283.0,253.0,261.0,306.0,445.0,868.0,814.0,610.0,448.0,317.0,224.0,138.0
2012-08-08,58.0,23.0,6.0,7.0,7.0,43.0,173.0,482.0,737.0,341.0,214.0,239.0,280.0,313.0,236.0,278.0,441.0,858.0,862.0,686.0,500.0,381.0,233.0,136.0
2012-08-09,67.0,28.0,14.0,6.0,10.0,41.0,167.0,475.0,698.0,353.0,205.0,260.0,277.0,281.0,247.0,267.0,417.0,810.0,811.0,623.0,478.0,336.0,259.0,156.0
2012-08-10,85.0,41.0,20.0,9.0,7.0,33.0,44.0,133.0,119.0,220.0,193.0,251.0,315.0,290.0,307.0,324.0,467.0,730.0,640.0,492.0,370.0,286.0,218.0,192.0
2012-08-11,180.0,116.0,85.0,21.0,10.0,11.0,23.0,62.0,162.0,271.0,407.0,499.0,546.0,569.0,538.0,562.0,531.0,512.0,300.0,275.0,160.0,128.0,168.0,163.0
2012-08-12,120.0,113.0,86.0,48.0,10.0,10.0,16.0,39.0,119.0,217.0,328.0,449.0,505.0,543.0,579.0,577.0,513.0,505.0,491.0,465.0,300.0,220.0,181.0,110.0
2012-08-13,47.0,14.0,9.0,6.0,11.0,36.0,159.0,436.0,673.0,305.0,199.0,245.0,276.0,254.0,248.0,274.0,464.0,818.0,812.0,555.0,432.0,290.0,192.0,128.0
2012-08-14,60.0,27.0,11.0,3.0,5.0,36.0,64.0,179.0,618.0,402.0,208.0,196.0,300.0,286.0,255.0,283.0,458.0,812.0,854.0,627.0,436.0,308.0,189.0,167.0
2012-08-15,60.0,37.0,8.0,11.0,4.0,39.0,172.0,492.0,682.0,367.0,233.0,235.0,307.0,294.0,255.0,266.0,431.0,851.0,848.0,649.0,427.0,315.0,226.0,138.0
2012-08-16,76.0,21.0,15.0,4.0,5.0,37.0,165.0,464.0,682.0,337.0,199.0,274.0,343.0,300.0,248.0,260.0,419.0,897.0,832.0,677.0,514.0,356.0,254.0,226.0
2012-08-17,88.0,54.0,19.0,6.0,9.0,36.0,157.0,379.0,668.0,378.0,231.0,303.0,365.0,357.0,328.0,383.0,488.0,791.0,669.0,491.0,359.0,255.0,213.0,121.0
2012-08-18,105.0,92.0,43.0,30.0,13.0,9.0,27.0,64.0,189.0,292.0,480.0,536.0,654.0,644.0,598.0,596.0,641.0,635.0,554.0,488.0,341.0,338.0,261.0,235.0
2012-08-19,187.0,131.0,119.0,55.0,26.0,11.0,20.0,41.0,124.0,270.0,425.0,272.0,298.0,162.0,149.0,276.0,356.0,343.0,377.0,341.0,274.0,190.0,56.0,46.0
2012-09-01,168.0,79.0,69.0,35.0,12.0,22.0,36.0,66.0,162.0,237.0,417.0,492.0,471.0,504.0,514.0,563.0,462.0,463.0,442.0,392.0,207.0,104.0,78.0,145.0
2012-09-02,99.0,73.0,84.0,42.0,22.0,12.0,15.0,42.0,129.0,232.0,388.0,489.0,545.0,493.0,457.0,355.0,474.0,503.0,500.0,292.0,104.0,171.0,166.0,123.0
2012-09-03,104.0,55.0,40.0,28.0,11.0,4.0,15.0,43.0,127.0,229.0,359.0,459.0,543.0,566.0,512.0,449.0,500.0,498.0,482.0,374.0,261.0,184.0,121.0,70.0
2012-09-04,29.0,24.0,5.0,10.0,8.0,38.0,172.0,493.0,632.0,323.0,172.0,198.0,287.0,275.0,274.0,292.0,458.0,856.0,839.0,552.0,385.0,268.0,179.0,95.0
2012-09-05,37.0,13.0,9.0,4.0,5.0,40.0,210.0,500.0,725.0,290.0,235.0,217.0,266.0,234.0,211.0,245.0,430.0,863.0,839.0,662.0,412.0,296.0,219.0,150.0
2012-09-06,65.0,18.0,8.0,9.0,8.0,38.0,200.0,482.0,646.0,123.0,49.0,62.0,137.0,191.0,216.0,270.0,416.0,808.0,835.0,558.0,406.0,272.0,217.0,169.0
2012-09-07,96.0,29.0,11.0,9.0,8.0,40.0,140.0,486.0,719.0,344.0,224.0,296.0,323.0,354.0,253.0,331.0,470.0,772.0,792.0,568.0,391.0,301.0,299.0,248.0
2012-09-08,150.0,117.0,77.0,43.0,11.0,15.0,34.0,82.0,230.0,348.0,422.0,578.0,694.0,668.0,626.0,512.0,114.0,171.0,167.0,215.0,194.0,181.0,194.0,133.0
2012-09-09,124.0,124.0,96.0,46.0,28.0,55.0,35.0,70.0,170.0,299.0,495.0,585.0,757.0,729.0,647.0,696.0,701.0,671.0,560.0,496.0,356.0,206.0,189.0,92.0
2012-09-10,41.0,18.0,17.0,12.0,5.0,40.0,180.0,447.0,730.0,361.0,210.0,236.0,332.0,323.0,340.0,346.0,488.0,871.0,968.0,633.0,390.0,285.0,159.0,93.0
2012-09-11,32.0,10.0,6.0,8.0,9.0,44.0,211.0,596.0,750.0,358.0,196.0,247.0,316.0,328.0,255.0,326.0,536.0,970.0,877.0,596.0,461.0,310.0,216.0,109.0
2012-09-12,49.0,21.0,11.0,7.0,5.0,48.0,205.0,557.0,770.0,328.0,205.0,232.0,352.0,323.0,278.0,318.0,509.0,925.0,977.0,635.0,470.0,306.0,212.0,127.0
2012-09-13,57.0,28.0,9.0,11.0,6.0,57.0,195.0,571.0,758.0,338.0,212.0,254.0,297.0,283.0,274.0,352.0,491.0,884.0,852.0,674.0,463.0,317.0,251.0,170.0
2012-09-14,87.0,41.0,30.0,14.0,12.0,41.0,152.0,454.0,766.0,347.0,246.0,280.0,409.0,408.0,371.0,367.0,563.0,894.0,808.0,579.0,404.0,312.0,229.0,195.0
2012-09-15,207.0,109.0,93.0,37.0,6.0,16.0,33.0,73.0,212.0,342.0,442.0,627.0,706.0,704.0,715.0,654.0,783.0,729.0,614.0,478.0,330.0,296.0,279.0,229.0
2012-09-16,151.0,117.0,89.0,48.0,8.0,13.0,35.0,71.0,128.0,296.0,490.0,559.0,656.0,694.0,635.0,557.0,596.0,570.0,481.0,403.0,324.0,191.0,127.0,94.0
2012-09-17,45.0,21.0,13.0,7.0,11.0,45.0,164.0,492.0,683.0,299.0,202.0,252.0,295.0,343.0,332.0,338.0,453.0,842.0,774.0,486.0,340.0,233.0,129.0,70.0
2012-09-18,13.0,5.0,4.0,6.0,7.0,48.0,167.0,356.0,672.0,293.0,160.0,151.0,88.0,114.0,143.0,36.0,141.0,338.0,281.0,324.0,290.0,207.0,151.0,78.0
2012-09-19,26.0,12.0,3.0,5.0,10.0,56.0,172.0,545.0,797.0,362.0,192.0,247.0,313.0,289.0,286.0,311.0,466.0,886.0,892.0,611.0,409.0,349.0,229.0,123.0
2012-10-01,45.0,18.0,12.0,7.0,10.0,36.0,155.0,483.0,784.0,340.0,179.0,272.0,323.0,305.0,244.0,329.0,459.0,856.0,613.0,516.0,262.0,218.0,207.0,105.0
2012-10-02,31.0,11.0,2.0,5.0,10.0,43.0,179.0,260.0,134.0,86.0,45.0,99.0,104.0,154.0,163.0,209.0,374.0,715.0,687.0,395.0,306.0,289.0,240.0,98.0
2012-10-03,52.0,19.0,9.0,7.0,11.0,34.0,177.0,515.0,809.0,362.0,175.0,230.0,358.0,279.0,251.0,319.0,478.0,917.0,810.0,593.0,497.0,209.0,241.0,220.0
2012-10-04,76.0,25.0,13.0,11.0,10.0,39.0,133.0,391.0,738.0,359.0,177.0,214.0,288.0,294.0,267.0,325.0,497.0,901.0,887.0,534.0,441.0,321.0,232.0,155.0
2012-10-05,102.0,46.0,11.0,16.0,11.0,41.0,137.0,428.0,785.0,384.0,260.0,304.0,468.0,424.0,400.0,470.0,634.0,900.0,761.0,500.0,372.0,267.0,264.0,171.0
2012-10-06,191.0,141.0,75.0,56.0,11.0,10.0,30.0,84.0,206.0,395.0,539.0,647.0,743.0,710.0,576.0,620.0,659.0,610.0,495.0,341.0,247.0,215.0,185.0,179.0
2012-10-07,127.0,109.0,74.0,22.0,11.0,10.0,23.0,35.0,62.0,86.0,185.0,336.0,392.0,320.0,314.0,306.0,333.0,157.0,106.0,114.0,116.0,113.0,79.0,80.0
2012-10-08,51.0,37.0,15.0,10.0,7.0,19.0,59.0,154.0,397.0,332.0,298.0,308.0,341.0,405.0,420.0,370.0,377.0,497.0,456.0,371.0,227.0,151.0,107.0,69.0
2012-10-09,31.0,13.0,7.0,3.0,7.0,19.0,143.0,362.0,713.0,382.0,164.0,193.0,260.0,238.0,244.0,254.0,424.0,806.0,784.0,514.0,360.0,225.0,162.0,84.0
2012-10-10,33.0,8.0,8.0,6.0,6.0,40.0,175.0,507.0,839.0,366.0,217.0,291.0,390.0,297.0,271.0,319.0,566.0,948.0,844.0,566.0,392.0,269.0,197.0,136.0
2012-10-11,42.0,11.0,11.0,3.0,10.0,42.0,159.0,478.0,798.0,355.0,204.0,251.0,326.0,291.0,348.0,460.0,481.0,827.0,692.0,743.0,415.0,260.0,177.0,186.0
2012-10-12,68.0,37.0,16.0,6.0,8.0,35.0,143.0,392.0,745.0,400.0,275.0,313.0,387.0,381.0,371.0,455.0,520.0,837.0,642.0,493.0,308.0,190.0,160.0,100.0
2012-10-13,249.0,146.0,67.0,15.0,11.0,11.0,28.0,70.0,174.0,266.0,347.0,527.0,573.0,670.0,597.0,615.0,637.0,528.0,473.0,332.0,255.0,204.0,189.0,125.0
2012-10-14,111.0,112.0,66.0,28.0,12.0,11.0,24.0,51.0,132.0,223.0,428.0,494.0,562.0,619.0,617.0,568.0,581.0,539.0,453.0,336.0,246.0,196.0,125.0,105.0
2012-10-15,48.0,29.0,6.0,4.0,10.0,40.0,147.0,476.0,737.0,359.0,168.0,263.0,284.0,146.0,185.0,260.0,447.0,766.0,592.0,239.0,256.0,206.0,126.0,81.0
2012-10-16,48.0,13.0,3.0,2.0,7.0,52.0,172.0,525.0,835.0,355.0,222.0,228.0,325.0,328.0,308.0,346.0,446.0,943.0,838.0,531.0,432.0,195.0,181.0,199.0
2012-10-17,49.0,17.0,16.0,7.0,4.0,41.0,178.0,464.0,817.0,382.0,228.0,234.0,332.0,310.0,270.0,301.0,466.0,888.0,884.0,516.0,414.0,329.0,215.0,99.0
2012-10-18,57.0,14.0,14.0,5.0,5.0,42.0,153.0,508.0,834.0,387.0,218.0,268.0,377.0,332.0,285.0,353.0,450.0,890.0,788.0,513.0,387.0,283.0,229.0,117.0
2012-10-19,56.0,16.0,10.0,5.0,6.0,36.0,131.0,154.0,467.0,389.0,224.0,252.0,332.0,375.0,365.0,395.0,565.0,425.0,233.0,232.0,229.0,206.0,190.0,131.0
2012-11-01,60.0,30.0,20.0,15.0,10.0,40.0,148.0,420.0,680.0,331.0,146.0,170.0,221.0,248.0,185.0,214.0,344.0,689.0,678.0,452.0,296.0,267.0,202.0,120.0
2012-11-02,50.0,24.0,10.0,3.0,7.0,26.0,122.0,357.0,687.0,382.0,204.0,221.0,292.0,294.0,262.0,306.0,421.0,638.0,522.0,374.0,221.0,156.0,149.0,119.0
2012-11-03,108.0,89.0,46.0,28.0,16.0,9.0,21.0,59.0,142.0,219.0,328.0,340.0,394.0,449.0,455.0,448.0,400.0,410.0,297.0,239.0,181.0,166.0,146.0,148.0
2012-11-04,102.0,165.0,37.0,11.0,9.0,5.0,16.0,50.0,149.0,217.0,360.0,445.0,504.0,493.0,509.0,449.0,435.0,327.0,237.0,227.0,141.0,87.0,79.0,53.0
2012-11-05,23.0,8.0,6.0,4.0,16.0,39.0,139.0,461.0,648.0,257.0,142.0,150.0,244.0,222.0,196.0,231.0,360.0,638.0,542.0,372.0,241.0,152.0,115.0,53.0
2012-11-06,19.0,8.0,2.0,4.0,7.0,41.0,149.0,387.0,588.0,363.0,230.0,216.0,248.0,278.0,240.0,272.0,402.0,627.0,497.0,371.0,228.0,151.0,153.0,205.0
2012-11-07,283.0,92.0,74.0,11.0,9.0,27.0,118.0,319.0,601.0,368.0,178.0,147.0,212.0,181.0,161.0,198.0,273.0,517.0,465.0,319.0,256.0,126.0,60.0,40.0
2012-11-09,55.0,20.0,12.0,9.0,14.0,27.0,131.0,341.0,693.0,327.0,197.0,251.0,262.0,299.0,274.0,356.0,434.0,654.0,496.0,361.0,255.0,199.0,163.0,162.0
2012-11-10,122.0,76.0,44.0,20.0,6.0,10.0,16.0,71.0,146.0,259.0,350.0,466.0,606.0,651.0,627.0,567.0,605.0,501.0,359.0,283.0,192.0,220.0,193.0,146.0
2012-11-11,124.0,108.0,70.0,48.0,11.0,12.0,19.0,68.0,119.0,273.0,405.0,504.0,585.0,686.0,654.0,724.0,653.0,493.0,405.0,277.0,200.0,171.0,134.0,109.0
2012-11-12,49.0,30.0,20.0,4.0,4.0,24.0,71.0,264.0,540.0,397.0,266.0,367.0,419.0,420.0,444.0,382.0,434.0,596.0,551.0,353.0,304.0,155.0,112.0,63.0
2012-11-13,23.0,5.0,11.0,5.0,9.0,18.0,50.0,107.0,211.0,110.0,94.0,155.0,196.0,218.0,203.0,217.0,310.0,608.0,559.0,356.0,223.0,187.0,135.0,84.0
2012-11-14,24.0,12.0,1.0,5.0,6.0,39.0,146.0,415.0,691.0,332.0,171.0,151.0,240.0,214.0,181.0,260.0,321.0,583.0,567.0,396.0,267.0,213.0,173.0,87.0
2012-11-15,34.0,16.0,7.0,2.0,5.0,37.0,147.0,410.0,646.0,323.0,153.0,166.0,213.0,217.0,201.0,217.0,342.0,563.0,573.0,386.0,285.0,224.0,153.0,125.0
2012-11-16,65.0,21.0,9.0,6.0,5.0,36.0,130.0,367.0,711.0,351.0,198.0,218.0,290.0,278.0,251.0,267.0,383.0,580.0,505.0,332.0,227.0,178.0,162.0,128.0
2012-11-17,106.0,87.0,49.0,21.0,7.0,11.0,21.0,78.0,168.0,248.0,320.0,423.0,476.0,525.0,555.0,549.0,469.0,403.0,271.0,253.0,172.0,139.0,145.0,133.0
2012-11-18,129.0,95.0,73.0,46.0,12.0,12.0,15.0,42.0,119.0,204.0,329.0,359.0,442.0,447.0,428.0,407.0,372.0,280.0,276.0,210.0,129.0,110.0,74.0,59.0
2012-11-19,27.0,19.0,5.0,2.0,12.0,39.0,131.0,386.0,663.0,278.0,139.0,197.0,242.0,251.0,217.0,257.0,380.0,619.0,580.0,406.0,259.0,203.0,113.0,74.0
2012-12-01,108.0,69.0,50.0,15.0,5.0,13.0,27.0,63.0,144.0,193.0,256.0,392.0,446.0,509.0,479.0,484.0,443.0,320.0,297.0,249.0,198.0,158.0,147.0,126.0
2012-12-02,117.0,94.0,74.0,25.0,7.0,8.0,16.0,31.0,93.0,172.0,293.0,355.0,520.0,431.0,473.0,417.0,443.0,303.0,203.0,174.0,154.0,99.0,96.0,51.0
2012-12-03,21.0,13.0,10.0,8.0,5.0,38.0,138.0,396.0,731.0,308.0,136.0,233.0,268.0,321.0,260.0,268.0,442.0,708.0,692.0,471.0,300.0,221.0,144.0,102.0
2012-12-04,55.0,25.0,8.0,4.0,7.0,46.0,153.0,502.0,721.0,336.0,156.0,207.0,312.0,272.0,270.0,300.0,435.0,743.0,731.0,460.0,306.0,280.0,181.0,96.0
2012-12-05,37.0,11.0,9.0,7.0,10.0,49.0,124.0,398.0,759.0,388.0,141.0,172.0,232.0,214.0,218.0,285.0,377.0,605.0,609.0,414.0,293.0,198.0,105.0,74.0
2012-12-06,44.0,16.0,9.0,2.0,9.0,32.0,124.0,389.0,659.0,276.0,145.0,178.0,235.0,245.0,212.0,270.0,331.0,617.0,565.0,373.0,227.0,191.0,133.0,93.0
2012-12-07,48.0,28.0,11.0,5.0,10.0,26.0,84.0,215.0,441.0,301.0,166.0,203.0,240.0,220.0,215.0,303.0,375.0,568.0,498.0,352.0,241.0,171.0,165.0,122.0
2012-12-08,103.0,100.0,70.0,29.0,12.0,6.0,20.0,39.0,111.0,170.0,287.0,404.0,486.0,547.0,542.0,541.0,507.0,345.0,304.0,246.0,182.0,209.0,160.0,162.0
2012-12-09,118.0,102.0,78.0,48.0,12.0,8.0,6.0,23.0,69.0,103.0,219.0,250.0,315.0,285.0,232.0,225.0,253.0,229.0,198.0,122.0,108.0,96.0,78.0,51.0
2012-12-10,20.0,4.0,5.0,4.0,12.0,27.0,123.0,294.0,584.0,284.0,133.0,134.0,173.0,220.0,210.0,236.0,345.0,616.0,564.0,427.0,300.0,245.0,126.0,84.0
2012-12-11,31.0,8.0,1.0,3.0,8.0,41.0,118.0,380.0,724.0,334.0,154.0,173.0,226.0,254.0,204.0,270.0,358.0,601.0,546.0,433.0,257.0,207.0,106.0,64.0
2012-12-12,34.0,21.0,9.0,10.0,4.0,37.0,128.0,369.0,688.0,285.0,136.0,172.0,232.0,238.0,225.0,228.0,329.0,561.0,540.0,402.0,268.0,202.0,122.0,79.0
2012-12-13,32.0,23.0,8.0,2.0,8.0,33.0,114.0,385.0,679.0,325.0,167.0,189.0,282.0,271.0,242.0,280.0,406.0,550.0,466.0,348.0,241.0,213.0,148.0,120.0
2012-12-14,47.0,26.0,9.0,12.0,10.0,34.0,113.0,308.0,636.0,343.0,190.0,211.0,273.0,313.0,299.0,309.0,417.0,622.0,455.0,319.0,221.0,172.0,138.0,134.0
2012-12-15,94.0,95.0,69.0,23.0,6.0,3.0,11.0,48.0,119.0,220.0,273.0,393.0,453.0,456.0,426.0,447.0,413.0,309.0,272.0,257.0,201.0,184.0,156.0,119.0
2012-12-16,110.0,96.0,87.0,38.0,11.0,9.0,6.0,27.0,88.0,132.0,257.0,295.0,417.0,356.0,310.0,338.0,400.0,243.0,107.0,109.0,122.0,106.0,89.0,33.0
2012-12-17,28.0,15.0,5.0,3.0,5.0,24.0,108.0,319.0,592.0,282.0,135.0,170.0,232.0,210.0,181.0,211.0,302.0,495.0,507.0,340.0,200.0,120.0,54.0,47.0
2012-12-18,18.0,15.0,7.0,5.0,8.0,36.0,118.0,355.0,662.0,326.0,184.0,269.0,313.0,286.0,247.0,246.0,363.0,572.0,525.0,353.0,268.0,168.0,132.0,81.0
2012-12-19,41.0,15.0,3.0,5.0,7.0,31.0,112.0,363.0,678.0,317.0,164.0,200.0,236.0,213.0,218.0,237.0,334.0,562.0,569.0,336.0,241.0,168.0,129.0,88.0
